# Blender 5.0.0
# www.blender.org
mtllib login.mtl
o Text
v 3.760000 -0.009000 -0.000000
v 3.799002 0.017310 0.000000
v 3.835852 0.046977 0.000000
v 3.870312 0.079609 0.000000
v 3.902148 0.114815 0.000000
v 3.931123 0.152201 0.000000
v 3.957000 0.191375 0.000000
v 3.979544 0.231945 0.000000
v 3.998518 0.273519 0.000000
v 4.013687 0.315703 0.000000
v 4.024815 0.358107 0.000000
v 4.031664 0.400336 0.000000
v 4.034000 0.442000 0.000000
v 4.032137 0.476939 0.000000
v 4.026676 0.510097 0.000000
v 4.017813 0.541234 0.000000
v 4.005741 0.570111 0.000000
v 3.990655 0.596488 0.000000
v 3.972750 0.620125 0.000000
v 3.952220 0.640783 0.000000
v 3.929260 0.658222 0.000000
v 3.904063 0.672203 0.000000
v 3.876824 0.682486 0.000000
v 3.847739 0.688832 0.000000
v 3.817000 0.691000 0.000000
v 3.786439 0.688954 0.000000
v 3.757843 0.683051 0.000000
v 3.731344 0.673641 0.000000
v 3.707074 0.661074 0.000000
v 3.685166 0.645702 0.000000
v 3.665750 0.627875 0.000000
v 3.648960 0.607944 0.000000
v 3.634926 0.586259 0.000000
v 3.623782 0.563172 0.000000
v 3.615658 0.539032 0.000000
v 3.610687 0.514192 0.000000
v 3.609000 0.489000 0.000000
v 3.610735 0.461767 0.000000
v 3.615797 0.435718 0.000000
v 3.623969 0.411078 0.000000
v 3.635037 0.388074 0.000000
v 3.648786 0.366931 0.000000
v 3.665000 0.347875 0.000000
v 3.683465 0.331131 0.000000
v 3.703963 0.316926 0.000000
v 3.726282 0.305484 0.000000
v 3.750204 0.297032 0.000000
v 3.775515 0.291796 0.000000
v 3.802000 0.290000 0.000000
v 3.811075 0.290227 0.000000
v 3.820269 0.290898 0.000000
v 3.829531 0.292000 0.000000
v 3.838815 0.293519 0.000000
v 3.848071 0.295440 0.000000
v 3.857250 0.297750 0.000000
v 3.866305 0.300435 0.000000
v 3.875185 0.303482 0.000000
v 3.883844 0.306875 0.000000
v 3.892232 0.310602 0.000000
v 3.900300 0.314648 0.000000
v 3.908000 0.319000 0.000000
v 3.902112 0.297329 0.000000
v 3.893982 0.275384 0.000000
v 3.883657 0.253266 0.000000
v 3.871186 0.231074 0.000000
v 3.856617 0.208910 0.000000
v 3.840000 0.186875 0.000000
v 3.821383 0.165069 0.000000
v 3.800815 0.143593 0.000000
v 3.778344 0.122547 0.000000
v 3.754019 0.102032 0.000000
v 3.727888 0.082150 0.000000
v 3.700000 0.063000 0.000000
v 3.707000 0.490000 0.000000
v 3.707963 0.505359 0.000000
v 3.710783 0.519875 0.000000
v 3.715360 0.533453 0.000000
v 3.721593 0.546000 0.000000
v 3.729382 0.557422 0.000000
v 3.738625 0.567625 0.000000
v 3.749223 0.576516 0.000000
v 3.761074 0.584000 0.000000
v 3.774078 0.589984 0.000000
v 3.788135 0.594375 0.000000
v 3.803142 0.597078 0.000000
v 3.819000 0.598000 0.000000
v 3.834478 0.596840 0.000000
v 3.849320 0.593472 0.000000
v 3.863391 0.588063 0.000000
v 3.876556 0.580778 0.000000
v 3.888679 0.571785 0.000000
v 3.899626 0.561250 0.000000
v 3.909259 0.549340 0.000000
v 3.917445 0.536222 0.000000
v 3.924048 0.522062 0.000000
v 3.928931 0.507028 0.000000
v 3.931961 0.491285 0.000000
v 3.933000 0.475000 0.000000
v 3.932997 0.470805 0.000000
v 3.932977 0.466690 0.000000
v 3.932922 0.462609 0.000000
v 3.932815 0.458519 0.000000
v 3.932638 0.454372 0.000000
v 3.932375 0.450125 0.000000
v 3.932008 0.445732 0.000000
v 3.931519 0.441148 0.000000
v 3.930891 0.436328 0.000000
v 3.930107 0.431227 0.000000
v 3.929149 0.425799 0.000000
v 3.928000 0.420000 0.000000
v 3.918715 0.413810 0.000000
v 3.909389 0.408231 0.000000
v 3.900063 0.403250 0.000000
v 3.890778 0.398852 0.000000
v 3.881577 0.395023 0.000000
v 3.872500 0.391750 0.000000
v 3.863590 0.389019 0.000000
v 3.854889 0.386815 0.000000
v 3.846438 0.385125 0.000000
v 3.838278 0.383935 0.000000
v 3.830452 0.383231 0.000000
v 3.823000 0.383000 0.000000
v 3.807273 0.383979 0.000000
v 3.792186 0.386829 0.000000
v 3.777875 0.391422 0.000000
v 3.764482 0.397630 0.000000
v 3.752144 0.405324 0.000000
v 3.741001 0.414375 0.000000
v 3.731190 0.424656 0.000000
v 3.722852 0.436037 0.000000
v 3.716126 0.448391 0.000000
v 3.711149 0.461588 0.000000
v 3.708061 0.475501 0.000000
v 0.285000 0.359000 0.000000
v 0.582000 0.682000 0.000000
v 0.460000 0.682000 0.000000
v 0.173000 0.370000 0.000000
v 0.173000 0.682000 0.000000
v 0.075000 0.682000 0.000000
v 0.075000 0.000000 0.000000
v 0.173000 0.000000 0.000000
v 0.173000 0.337000 0.000000
v 0.520000 0.000000 0.000000
v 0.655000 0.000000 0.000000
v 1.018000 0.686000 0.000000
v 0.949000 0.686000 0.000000
v 0.656000 0.000000 0.000000
v 0.756000 0.000000 0.000000
v 0.842000 0.201000 0.000000
v 1.132000 0.201000 0.000000
v 1.223000 0.000000 0.000000
v 1.323000 0.000000 0.000000
v 0.982000 0.536000 0.000000
v 1.092000 0.289000 0.000000
v 0.880000 0.289000 0.000000
v 1.399000 0.000000 0.000000
v 1.665000 0.000000 0.000000
v 1.719388 0.003367 0.000000
v 1.769940 0.013106 0.000000
v 1.816484 0.028672 0.000000
v 1.858852 0.049519 0.000000
v 1.896872 0.075101 0.000000
v 1.930375 0.104875 0.000000
v 1.959190 0.138295 0.000000
v 1.983148 0.174815 0.000000
v 2.002078 0.213891 0.000000
v 2.015810 0.254977 0.000000
v 2.024174 0.297528 0.000000
v 2.027000 0.341000 0.000000
v 2.024670 0.381531 0.000000
v 2.017611 0.422162 0.000000
v 2.005719 0.462203 0.000000
v 1.988889 0.500963 0.000000
v 1.967018 0.537751 0.000000
v 1.940000 0.571875 0.000000
v 1.907733 0.602645 0.000000
v 1.870111 0.629370 0.000000
v 1.827031 0.651359 0.000000
v 1.778389 0.667921 0.000000
v 1.724080 0.678365 0.000000
v 1.664000 0.682000 0.000000
v 1.399000 0.682000 0.000000
v 1.497000 0.594000 0.000000
v 1.648000 0.594000 0.000000
v 1.693593 0.591638 0.000000
v 1.734912 0.584773 0.000000
v 1.772016 0.573734 0.000000
v 1.804963 0.558852 0.000000
v 1.833813 0.540455 0.000000
v 1.858625 0.518875 0.000000
v 1.879458 0.494440 0.000000
v 1.896370 0.467481 0.000000
v 1.909422 0.438328 0.000000
v 1.918671 0.407310 0.000000
v 1.924177 0.374758 0.000000
v 1.926000 0.341000 0.000000
v 1.924868 0.318376 0.000000
v 1.921195 0.293093 0.000000
v 1.914563 0.266031 0.000000
v 1.904556 0.238074 0.000000
v 1.890757 0.210103 0.000000
v 1.872750 0.183000 0.000000
v 1.850118 0.157647 0.000000
v 1.822445 0.134926 0.000000
v 1.789313 0.115719 0.000000
v 1.750306 0.100907 0.000000
v 1.705007 0.091374 0.000000
v 1.653000 0.088000 0.000000
v 1.497000 0.088000 0.000000
v 2.543000 0.341000 0.000000
v 2.541192 0.392001 0.000000
v 2.535871 0.439843 0.000000
v 2.527188 0.484281 0.000000
v 2.515296 0.525074 0.000000
v 2.500350 0.561978 0.000000
v 2.482500 0.594750 0.000000
v 2.461901 0.623147 0.000000
v 2.438704 0.646926 0.000000
v 2.413063 0.665844 0.000000
v 2.385130 0.679658 0.000000
v 2.355058 0.688124 0.000000
v 2.323000 0.691000 0.000000
v 2.290942 0.688124 0.000000
v 2.260871 0.679657 0.000000
v 2.232938 0.665844 0.000000
v 2.207297 0.646926 0.000000
v 2.184100 0.623147 0.000000
v 2.163500 0.594750 0.000000
v 2.145651 0.561978 0.000000
v 2.130704 0.525074 0.000000
v 2.118813 0.484281 0.000000
v 2.110130 0.439843 0.000000
v 2.104808 0.392001 0.000000
v 2.103000 0.341000 0.000000
v 2.104808 0.289999 0.000000
v 2.110130 0.242157 0.000000
v 2.118813 0.197719 0.000000
v 2.130704 0.156926 0.000000
v 2.145651 0.120022 0.000000
v 2.163500 0.087250 0.000000
v 2.184100 0.058853 0.000000
v 2.207296 0.035074 0.000000
v 2.232938 0.016156 0.000000
v 2.260870 0.002343 0.000000
v 2.290942 -0.006124 -0.000000
v 2.323000 -0.009000 -0.000000
v 2.355058 -0.006124 -0.000000
v 2.385130 0.002343 0.000000
v 2.413063 0.016156 0.000000
v 2.438704 0.035074 0.000000
v 2.461900 0.058853 0.000000
v 2.482500 0.087250 0.000000
v 2.500350 0.120022 0.000000
v 2.515296 0.156926 0.000000
v 2.527187 0.197719 0.000000
v 2.535870 0.242157 0.000000
v 2.541192 0.289999 0.000000
v 2.445000 0.341000 0.000000
v 2.444051 0.302332 0.000000
v 2.441241 0.266407 0.000000
v 2.436625 0.233344 0.000000
v 2.430259 0.203259 0.000000
v 2.422199 0.176272 0.000000
v 2.412500 0.152500 0.000000
v 2.401217 0.132061 0.000000
v 2.388407 0.115074 0.000000
v 2.374125 0.101656 0.000000
v 2.358426 0.091926 0.000000
v 2.341365 0.086001 0.000000
v 2.323000 0.084000 0.000000
v 2.304635 0.086001 0.000000
v 2.287574 0.091926 0.000000
v 2.271875 0.101656 0.000000
v 2.257593 0.115074 0.000000
v 2.244782 0.132061 0.000000
v 2.233500 0.152500 0.000000
v 2.223801 0.176272 0.000000
v 2.215741 0.203259 0.000000
v 2.209375 0.233344 0.000000
v 2.204759 0.266407 0.000000
v 2.201949 0.302332 0.000000
v 2.201000 0.341000 0.000000
v 2.201949 0.379668 0.000000
v 2.204760 0.415593 0.000000
v 2.209375 0.448656 0.000000
v 2.215741 0.478741 0.000000
v 2.223801 0.505728 0.000000
v 2.233500 0.529500 0.000000
v 2.244783 0.549939 0.000000
v 2.257593 0.566926 0.000000
v 2.271876 0.580344 0.000000
v 2.287575 0.590074 0.000000
v 2.304635 0.595999 0.000000
v 2.323000 0.598000 0.000000
v 2.341366 0.595999 0.000000
v 2.358426 0.590074 0.000000
v 2.374125 0.580344 0.000000
v 2.388408 0.566926 0.000000
v 2.401218 0.549939 0.000000
v 2.412500 0.529500 0.000000
v 2.422199 0.505728 0.000000
v 2.430260 0.478741 0.000000
v 2.436625 0.448656 0.000000
v 2.441241 0.415593 0.000000
v 2.444052 0.379668 0.000000
v 3.039000 0.093000 0.000000
v 2.778000 0.093000 0.000000
v 2.814102 0.136478 0.000000
v 2.846482 0.176657 0.000000
v 2.875250 0.213906 0.000000
v 2.900519 0.248593 0.000000
v 2.922398 0.281085 0.000000
v 2.941000 0.311750 0.000000
v 2.956435 0.340957 0.000000
v 2.968815 0.369074 0.000000
v 2.978250 0.396469 0.000000
v 2.984852 0.423509 0.000000
v 2.988732 0.450564 0.000000
v 2.990000 0.478000 0.000000
v 2.988257 0.508660 0.000000
v 2.983135 0.537528 0.000000
v 2.974797 0.564438 0.000000
v 2.963408 0.589222 0.000000
v 2.949129 0.611715 0.000000
v 2.932125 0.631750 0.000000
v 2.912559 0.649160 0.000000
v 2.890593 0.663778 0.000000
v 2.866391 0.675438 0.000000
v 2.840116 0.683972 0.000000
v 2.811931 0.689215 0.000000
v 2.782000 0.691000 0.000000
v 2.768329 0.690561 0.000000
v 2.754797 0.689241 0.000000
v 2.741375 0.687031 0.000000
v 2.728037 0.683926 0.000000
v 2.714755 0.679918 0.000000
v 2.701500 0.675000 0.000000
v 2.688245 0.669166 0.000000
v 2.674963 0.662407 0.000000
v 2.661625 0.654719 0.000000
v 2.648204 0.646093 0.000000
v 2.634671 0.636522 0.000000
v 2.621000 0.626000 0.000000
v 2.621000 0.503000 0.000000
v 2.634648 0.519515 0.000000
v 2.648102 0.534120 0.000000
v 2.661375 0.546906 0.000000
v 2.674482 0.557963 0.000000
v 2.687436 0.567381 0.000000
v 2.700250 0.575250 0.000000
v 2.712940 0.581661 0.000000
v 2.725519 0.586704 0.000000
v 2.738000 0.590469 0.000000
v 2.750399 0.593046 0.000000
v 2.762727 0.594527 0.000000
v 2.775000 0.595000 0.000000
v 2.791377 0.593914 0.000000
v 2.806931 0.590727 0.000000
v 2.821547 0.585547 0.000000
v 2.835111 0.578481 0.000000
v 2.847509 0.569638 0.000000
v 2.858625 0.559125 0.000000
v 2.868346 0.547049 0.000000
v 2.876556 0.533518 0.000000
v 2.883141 0.518641 0.000000
v 2.887986 0.502523 0.000000
v 2.890978 0.485274 0.000000
v 2.892000 0.467000 0.000000
v 2.891670 0.453202 0.000000
v 2.890678 0.440206 0.000000
v 2.889024 0.427861 0.000000
v 2.886704 0.416016 0.000000
v 2.883717 0.404517 0.000000
v 2.880062 0.393214 0.000000
v 2.875737 0.381954 0.000000
v 2.870741 0.370587 0.000000
v 2.865070 0.358959 0.000000
v 2.858725 0.346920 0.000000
v 2.851702 0.334318 0.000000
v 2.844000 0.321000 0.000000
v 2.828585 0.295763 0.000000
v 2.811514 0.269685 0.000000
v 2.793047 0.242969 0.000000
v 2.773445 0.215815 0.000000
v 2.752967 0.188425 0.000000
v 2.731875 0.161000 0.000000
v 2.710429 0.133742 0.000000
v 2.688889 0.106852 0.000000
v 2.667516 0.080531 0.000000
v 2.646569 0.054981 0.000000
v 2.626311 0.030404 0.000000
v 2.607000 0.007000 0.000000
v 2.607000 0.000000 0.000000
v 3.039000 0.000000 0.000000
v 3.543000 0.341000 0.000000
v 3.541192 0.392001 0.000000
v 3.535871 0.439843 0.000000
v 3.527188 0.484281 0.000000
v 3.515296 0.525074 0.000000
v 3.500350 0.561978 0.000000
v 3.482500 0.594750 0.000000
v 3.461901 0.623147 0.000000
v 3.438704 0.646926 0.000000
v 3.413063 0.665844 0.000000
v 3.385130 0.679658 0.000000
v 3.355058 0.688124 0.000000
v 3.323000 0.691000 0.000000
v 3.290942 0.688124 0.000000
v 3.260871 0.679657 0.000000
v 3.232938 0.665844 0.000000
v 3.207297 0.646926 0.000000
v 3.184100 0.623147 0.000000
v 3.163500 0.594750 0.000000
v 3.145651 0.561978 0.000000
v 3.130704 0.525074 0.000000
v 3.118813 0.484281 0.000000
v 3.110130 0.439843 0.000000
v 3.104808 0.392001 0.000000
v 3.103000 0.341000 0.000000
v 3.104808 0.289999 0.000000
v 3.110130 0.242157 0.000000
v 3.118813 0.197719 0.000000
v 3.130704 0.156926 0.000000
v 3.145651 0.120022 0.000000
v 3.163500 0.087250 0.000000
v 3.184100 0.058853 0.000000
v 3.207296 0.035074 0.000000
v 3.232938 0.016156 0.000000
v 3.260870 0.002343 0.000000
v 3.290942 -0.006124 -0.000000
v 3.323000 -0.009000 -0.000000
v 3.355058 -0.006124 -0.000000
v 3.385130 0.002343 0.000000
v 3.413063 0.016156 0.000000
v 3.438704 0.035074 0.000000
v 3.461900 0.058853 0.000000
v 3.482500 0.087250 0.000000
v 3.500350 0.120022 0.000000
v 3.515296 0.156926 0.000000
v 3.527187 0.197719 0.000000
v 3.535870 0.242157 0.000000
v 3.541192 0.289999 0.000000
v 3.445000 0.341000 0.000000
v 3.444051 0.302332 0.000000
v 3.441241 0.266407 0.000000
v 3.436625 0.233344 0.000000
v 3.430259 0.203259 0.000000
v 3.422199 0.176272 0.000000
v 3.412500 0.152500 0.000000
v 3.401217 0.132061 0.000000
v 3.388407 0.115074 0.000000
v 3.374125 0.101656 0.000000
v 3.358426 0.091926 0.000000
v 3.341365 0.086001 0.000000
v 3.323000 0.084000 0.000000
v 3.304635 0.086001 0.000000
v 3.287574 0.091926 0.000000
v 3.271875 0.101656 0.000000
v 3.257593 0.115074 0.000000
v 3.244782 0.132061 0.000000
v 3.233500 0.152500 0.000000
v 3.223801 0.176272 0.000000
v 3.215741 0.203259 0.000000
v 3.209375 0.233344 0.000000
v 3.204759 0.266407 0.000000
v 3.201949 0.302332 0.000000
v 3.201000 0.341000 0.000000
v 3.201949 0.379668 0.000000
v 3.204760 0.415593 0.000000
v 3.209375 0.448656 0.000000
v 3.215741 0.478741 0.000000
v 3.223801 0.505728 0.000000
v 3.233500 0.529500 0.000000
v 3.244783 0.549939 0.000000
v 3.257593 0.566926 0.000000
v 3.271876 0.580344 0.000000
v 3.287575 0.590074 0.000000
v 3.304635 0.595999 0.000000
v 3.323000 0.598000 0.000000
v 3.341366 0.595999 0.000000
v 3.358426 0.590074 0.000000
v 3.374125 0.580344 0.000000
v 3.388408 0.566926 0.000000
v 3.401218 0.549939 0.000000
v 3.412500 0.529500 0.000000
v 3.422199 0.505728 0.000000
v 3.430260 0.478741 0.000000
v 3.436625 0.448656 0.000000
v 3.441241 0.415593 0.000000
v 3.444052 0.379668 0.000000
v 3.760000 -0.009000 -0.130185
v 3.799002 0.017310 -0.130185
v 3.835852 0.046977 -0.130185
v 3.870312 0.079609 -0.130185
v 3.902148 0.114815 -0.130185
v 3.931123 0.152201 -0.130185
v 3.957000 0.191375 -0.130185
v 3.979544 0.231945 -0.130185
v 3.998518 0.273519 -0.130185
v 4.013687 0.315703 -0.130185
v 4.024815 0.358107 -0.130185
v 4.031664 0.400336 -0.130185
v 4.034000 0.442000 -0.130185
v 4.032137 0.476939 -0.130185
v 4.026676 0.510097 -0.130185
v 4.017813 0.541234 -0.130185
v 4.005741 0.570111 -0.130185
v 3.990655 0.596488 -0.130185
v 3.972750 0.620125 -0.130185
v 3.952220 0.640783 -0.130185
v 3.929260 0.658222 -0.130185
v 3.904063 0.672203 -0.130185
v 3.876824 0.682486 -0.130185
v 3.847739 0.688832 -0.130185
v 3.817000 0.691000 -0.130185
v 3.786439 0.688954 -0.130185
v 3.757843 0.683051 -0.130185
v 3.731344 0.673641 -0.130185
v 3.707074 0.661074 -0.130185
v 3.685166 0.645702 -0.130185
v 3.665750 0.627875 -0.130185
v 3.648960 0.607944 -0.130185
v 3.634926 0.586259 -0.130185
v 3.623782 0.563172 -0.130185
v 3.615658 0.539032 -0.130185
v 3.610687 0.514192 -0.130185
v 3.609000 0.489000 -0.130185
v 3.610735 0.461767 -0.130185
v 3.615797 0.435718 -0.130185
v 3.623969 0.411078 -0.130185
v 3.635037 0.388074 -0.130185
v 3.648786 0.366931 -0.130185
v 3.665000 0.347875 -0.130185
v 3.683465 0.331131 -0.130185
v 3.703963 0.316926 -0.130185
v 3.726282 0.305484 -0.130185
v 3.750204 0.297032 -0.130185
v 3.775515 0.291796 -0.130185
v 3.802000 0.290000 -0.130185
v 3.811075 0.290227 -0.130185
v 3.820269 0.290898 -0.130185
v 3.829531 0.292000 -0.130185
v 3.838815 0.293519 -0.130185
v 3.848071 0.295440 -0.130185
v 3.857250 0.297750 -0.130185
v 3.866305 0.300435 -0.130185
v 3.875185 0.303482 -0.130185
v 3.883844 0.306875 -0.130185
v 3.892232 0.310602 -0.130185
v 3.900300 0.314648 -0.130185
v 3.908000 0.319000 -0.130185
v 3.902112 0.297329 -0.130185
v 3.893982 0.275384 -0.130185
v 3.883657 0.253266 -0.130185
v 3.871186 0.231074 -0.130185
v 3.856617 0.208910 -0.130185
v 3.840000 0.186875 -0.130185
v 3.821383 0.165069 -0.130185
v 3.800815 0.143593 -0.130185
v 3.778344 0.122547 -0.130185
v 3.754019 0.102032 -0.130185
v 3.727888 0.082150 -0.130185
v 3.700000 0.063000 -0.130185
v 3.707000 0.490000 -0.130185
v 3.707963 0.505359 -0.130185
v 3.710783 0.519875 -0.130185
v 3.715360 0.533453 -0.130185
v 3.721593 0.546000 -0.130185
v 3.729382 0.557422 -0.130185
v 3.738625 0.567625 -0.130185
v 3.749223 0.576516 -0.130185
v 3.761074 0.584000 -0.130185
v 3.774078 0.589984 -0.130185
v 3.788135 0.594375 -0.130185
v 3.803142 0.597078 -0.130185
v 3.819000 0.598000 -0.130185
v 3.834478 0.596840 -0.130185
v 3.849320 0.593472 -0.130185
v 3.863391 0.588063 -0.130185
v 3.876556 0.580778 -0.130185
v 3.888679 0.571785 -0.130185
v 3.899626 0.561250 -0.130185
v 3.909259 0.549340 -0.130185
v 3.917445 0.536222 -0.130185
v 3.924048 0.522062 -0.130185
v 3.928931 0.507028 -0.130185
v 3.931961 0.491285 -0.130185
v 3.933000 0.475000 -0.130185
v 3.932997 0.470805 -0.130185
v 3.932977 0.466690 -0.130185
v 3.932922 0.462609 -0.130185
v 3.932815 0.458519 -0.130185
v 3.932638 0.454372 -0.130185
v 3.932375 0.450125 -0.130185
v 3.932008 0.445732 -0.130185
v 3.931519 0.441148 -0.130185
v 3.930891 0.436328 -0.130185
v 3.930107 0.431227 -0.130185
v 3.929149 0.425799 -0.130185
v 3.928000 0.420000 -0.130185
v 3.918715 0.413810 -0.130185
v 3.909389 0.408231 -0.130185
v 3.900063 0.403250 -0.130185
v 3.890778 0.398852 -0.130185
v 3.881577 0.395023 -0.130185
v 3.872500 0.391750 -0.130185
v 3.863590 0.389019 -0.130185
v 3.854889 0.386815 -0.130185
v 3.846438 0.385125 -0.130185
v 3.838278 0.383935 -0.130185
v 3.830452 0.383231 -0.130185
v 3.823000 0.383000 -0.130185
v 3.807273 0.383979 -0.130185
v 3.792186 0.386829 -0.130185
v 3.777875 0.391422 -0.130185
v 3.764482 0.397630 -0.130185
v 3.752144 0.405324 -0.130185
v 3.741001 0.414375 -0.130185
v 3.731190 0.424656 -0.130185
v 3.722852 0.436037 -0.130185
v 3.716126 0.448391 -0.130185
v 3.711149 0.461588 -0.130185
v 3.708061 0.475501 -0.130185
v 0.285000 0.359000 -0.130185
v 0.582000 0.682000 -0.130185
v 0.460000 0.682000 -0.130185
v 0.173000 0.370000 -0.130185
v 0.173000 0.682000 -0.130185
v 0.075000 0.682000 -0.130185
v 0.075000 0.000000 -0.130185
v 0.173000 0.000000 -0.130185
v 0.173000 0.337000 -0.130185
v 0.520000 0.000000 -0.130185
v 0.655000 0.000000 -0.130185
v 1.018000 0.686000 -0.130185
v 0.949000 0.686000 -0.130185
v 0.656000 0.000000 -0.130185
v 0.756000 0.000000 -0.130185
v 0.842000 0.201000 -0.130185
v 1.132000 0.201000 -0.130185
v 1.223000 0.000000 -0.130185
v 1.323000 0.000000 -0.130185
v 0.982000 0.536000 -0.130185
v 1.092000 0.289000 -0.130185
v 0.880000 0.289000 -0.130185
v 1.399000 0.000000 -0.130185
v 1.665000 0.000000 -0.130185
v 1.719388 0.003367 -0.130185
v 1.769940 0.013106 -0.130185
v 1.816484 0.028672 -0.130185
v 1.858852 0.049519 -0.130185
v 1.896872 0.075101 -0.130185
v 1.930375 0.104875 -0.130185
v 1.959190 0.138295 -0.130185
v 1.983148 0.174815 -0.130185
v 2.002078 0.213891 -0.130185
v 2.015810 0.254977 -0.130185
v 2.024174 0.297528 -0.130185
v 2.027000 0.341000 -0.130185
v 2.024670 0.381531 -0.130185
v 2.017611 0.422162 -0.130185
v 2.005719 0.462203 -0.130185
v 1.988889 0.500963 -0.130185
v 1.967018 0.537751 -0.130185
v 1.940000 0.571875 -0.130185
v 1.907733 0.602645 -0.130185
v 1.870111 0.629370 -0.130185
v 1.827031 0.651359 -0.130185
v 1.778389 0.667921 -0.130185
v 1.724080 0.678365 -0.130185
v 1.664000 0.682000 -0.130185
v 1.399000 0.682000 -0.130185
v 1.497000 0.594000 -0.130185
v 1.648000 0.594000 -0.130185
v 1.693593 0.591638 -0.130185
v 1.734912 0.584773 -0.130185
v 1.772016 0.573734 -0.130185
v 1.804963 0.558852 -0.130185
v 1.833813 0.540455 -0.130185
v 1.858625 0.518875 -0.130185
v 1.879458 0.494440 -0.130185
v 1.896370 0.467481 -0.130185
v 1.909422 0.438328 -0.130185
v 1.918671 0.407310 -0.130185
v 1.924177 0.374758 -0.130185
v 1.926000 0.341000 -0.130185
v 1.924868 0.318376 -0.130185
v 1.921195 0.293093 -0.130185
v 1.914563 0.266031 -0.130185
v 1.904556 0.238074 -0.130185
v 1.890757 0.210103 -0.130185
v 1.872750 0.183000 -0.130185
v 1.850118 0.157647 -0.130185
v 1.822445 0.134926 -0.130185
v 1.789313 0.115719 -0.130185
v 1.750306 0.100907 -0.130185
v 1.705007 0.091374 -0.130185
v 1.653000 0.088000 -0.130185
v 1.497000 0.088000 -0.130185
v 2.543000 0.341000 -0.130185
v 2.541192 0.392001 -0.130185
v 2.535871 0.439843 -0.130185
v 2.527188 0.484281 -0.130185
v 2.515296 0.525074 -0.130185
v 2.500350 0.561978 -0.130185
v 2.482500 0.594750 -0.130185
v 2.461901 0.623147 -0.130185
v 2.438704 0.646926 -0.130185
v 2.413063 0.665844 -0.130185
v 2.385130 0.679658 -0.130185
v 2.355058 0.688124 -0.130185
v 2.323000 0.691000 -0.130185
v 2.290942 0.688124 -0.130185
v 2.260871 0.679657 -0.130185
v 2.232938 0.665844 -0.130185
v 2.207297 0.646926 -0.130185
v 2.184100 0.623147 -0.130185
v 2.163500 0.594750 -0.130185
v 2.145651 0.561978 -0.130185
v 2.130704 0.525074 -0.130185
v 2.118813 0.484281 -0.130185
v 2.110130 0.439843 -0.130185
v 2.104808 0.392001 -0.130185
v 2.103000 0.341000 -0.130185
v 2.104808 0.289999 -0.130185
v 2.110130 0.242157 -0.130185
v 2.118813 0.197719 -0.130185
v 2.130704 0.156926 -0.130185
v 2.145651 0.120022 -0.130185
v 2.163500 0.087250 -0.130185
v 2.184100 0.058853 -0.130185
v 2.207296 0.035074 -0.130185
v 2.232938 0.016156 -0.130185
v 2.260870 0.002343 -0.130185
v 2.290942 -0.006124 -0.130185
v 2.323000 -0.009000 -0.130185
v 2.355058 -0.006124 -0.130185
v 2.385130 0.002343 -0.130185
v 2.413063 0.016156 -0.130185
v 2.438704 0.035074 -0.130185
v 2.461900 0.058853 -0.130185
v 2.482500 0.087250 -0.130185
v 2.500350 0.120022 -0.130185
v 2.515296 0.156926 -0.130185
v 2.527187 0.197719 -0.130185
v 2.535870 0.242157 -0.130185
v 2.541192 0.289999 -0.130185
v 2.445000 0.341000 -0.130185
v 2.444051 0.302332 -0.130185
v 2.441241 0.266407 -0.130185
v 2.436625 0.233344 -0.130185
v 2.430259 0.203259 -0.130185
v 2.422199 0.176272 -0.130185
v 2.412500 0.152500 -0.130185
v 2.401217 0.132061 -0.130185
v 2.388407 0.115074 -0.130185
v 2.374125 0.101656 -0.130185
v 2.358426 0.091926 -0.130185
v 2.341365 0.086001 -0.130185
v 2.323000 0.084000 -0.130185
v 2.304635 0.086001 -0.130185
v 2.287574 0.091926 -0.130185
v 2.271875 0.101656 -0.130185
v 2.257593 0.115074 -0.130185
v 2.244782 0.132061 -0.130185
v 2.233500 0.152500 -0.130185
v 2.223801 0.176272 -0.130185
v 2.215741 0.203259 -0.130185
v 2.209375 0.233344 -0.130185
v 2.204759 0.266407 -0.130185
v 2.201949 0.302332 -0.130185
v 2.201000 0.341000 -0.130185
v 2.201949 0.379668 -0.130185
v 2.204760 0.415593 -0.130185
v 2.209375 0.448656 -0.130185
v 2.215741 0.478741 -0.130185
v 2.223801 0.505728 -0.130185
v 2.233500 0.529500 -0.130185
v 2.244783 0.549939 -0.130185
v 2.257593 0.566926 -0.130185
v 2.271876 0.580344 -0.130185
v 2.287575 0.590074 -0.130185
v 2.304635 0.595999 -0.130185
v 2.323000 0.598000 -0.130185
v 2.341366 0.595999 -0.130185
v 2.358426 0.590074 -0.130185
v 2.374125 0.580344 -0.130185
v 2.388408 0.566926 -0.130185
v 2.401218 0.549939 -0.130185
v 2.412500 0.529500 -0.130185
v 2.422199 0.505728 -0.130185
v 2.430260 0.478741 -0.130185
v 2.436625 0.448656 -0.130185
v 2.441241 0.415593 -0.130185
v 2.444052 0.379668 -0.130185
v 3.039000 0.093000 -0.130185
v 2.778000 0.093000 -0.130185
v 2.814102 0.136478 -0.130185
v 2.846482 0.176657 -0.130185
v 2.875250 0.213906 -0.130185
v 2.900519 0.248593 -0.130185
v 2.922398 0.281085 -0.130185
v 2.941000 0.311750 -0.130185
v 2.956435 0.340957 -0.130185
v 2.968815 0.369074 -0.130185
v 2.978250 0.396469 -0.130185
v 2.984852 0.423509 -0.130185
v 2.988732 0.450564 -0.130185
v 2.990000 0.478000 -0.130185
v 2.988257 0.508660 -0.130185
v 2.983135 0.537528 -0.130185
v 2.974797 0.564438 -0.130185
v 2.963408 0.589222 -0.130185
v 2.949129 0.611715 -0.130185
v 2.932125 0.631750 -0.130185
v 2.912559 0.649160 -0.130185
v 2.890593 0.663778 -0.130185
v 2.866391 0.675438 -0.130185
v 2.840116 0.683972 -0.130185
v 2.811931 0.689215 -0.130185
v 2.782000 0.691000 -0.130185
v 2.768329 0.690561 -0.130185
v 2.754797 0.689241 -0.130185
v 2.741375 0.687031 -0.130185
v 2.728037 0.683926 -0.130185
v 2.714755 0.679918 -0.130185
v 2.701500 0.675000 -0.130185
v 2.688245 0.669166 -0.130185
v 2.674963 0.662407 -0.130185
v 2.661625 0.654719 -0.130185
v 2.648204 0.646093 -0.130185
v 2.634671 0.636522 -0.130185
v 2.621000 0.626000 -0.130185
v 2.621000 0.503000 -0.130185
v 2.634648 0.519515 -0.130185
v 2.648102 0.534120 -0.130185
v 2.661375 0.546906 -0.130185
v 2.674482 0.557963 -0.130185
v 2.687436 0.567381 -0.130185
v 2.700250 0.575250 -0.130185
v 2.712940 0.581661 -0.130185
v 2.725519 0.586704 -0.130185
v 2.738000 0.590469 -0.130185
v 2.750399 0.593046 -0.130185
v 2.762727 0.594527 -0.130185
v 2.775000 0.595000 -0.130185
v 2.791377 0.593914 -0.130185
v 2.806931 0.590727 -0.130185
v 2.821547 0.585547 -0.130185
v 2.835111 0.578481 -0.130185
v 2.847509 0.569638 -0.130185
v 2.858625 0.559125 -0.130185
v 2.868346 0.547049 -0.130185
v 2.876556 0.533518 -0.130185
v 2.883141 0.518641 -0.130185
v 2.887986 0.502523 -0.130185
v 2.890978 0.485274 -0.130185
v 2.892000 0.467000 -0.130185
v 2.891670 0.453202 -0.130185
v 2.890678 0.440206 -0.130185
v 2.889024 0.427861 -0.130185
v 2.886704 0.416016 -0.130185
v 2.883717 0.404517 -0.130185
v 2.880062 0.393214 -0.130185
v 2.875737 0.381954 -0.130185
v 2.870741 0.370587 -0.130185
v 2.865070 0.358959 -0.130185
v 2.858725 0.346920 -0.130185
v 2.851702 0.334318 -0.130185
v 2.844000 0.321000 -0.130185
v 2.828585 0.295763 -0.130185
v 2.811514 0.269685 -0.130185
v 2.793047 0.242969 -0.130185
v 2.773445 0.215815 -0.130185
v 2.752967 0.188425 -0.130185
v 2.731875 0.161000 -0.130185
v 2.710429 0.133742 -0.130185
v 2.688889 0.106852 -0.130185
v 2.667516 0.080531 -0.130185
v 2.646569 0.054981 -0.130185
v 2.626311 0.030404 -0.130185
v 2.607000 0.007000 -0.130185
v 2.607000 0.000000 -0.130185
v 3.039000 0.000000 -0.130185
v 3.543000 0.341000 -0.130185
v 3.541192 0.392001 -0.130185
v 3.535871 0.439843 -0.130185
v 3.527188 0.484281 -0.130185
v 3.515296 0.525074 -0.130185
v 3.500350 0.561978 -0.130185
v 3.482500 0.594750 -0.130185
v 3.461901 0.623147 -0.130185
v 3.438704 0.646926 -0.130185
v 3.413063 0.665844 -0.130185
v 3.385130 0.679658 -0.130185
v 3.355058 0.688124 -0.130185
v 3.323000 0.691000 -0.130185
v 3.290942 0.688124 -0.130185
v 3.260871 0.679657 -0.130185
v 3.232938 0.665844 -0.130185
v 3.207297 0.646926 -0.130185
v 3.184100 0.623147 -0.130185
v 3.163500 0.594750 -0.130185
v 3.145651 0.561978 -0.130185
v 3.130704 0.525074 -0.130185
v 3.118813 0.484281 -0.130185
v 3.110130 0.439843 -0.130185
v 3.104808 0.392001 -0.130185
v 3.103000 0.341000 -0.130185
v 3.104808 0.289999 -0.130185
v 3.110130 0.242157 -0.130185
v 3.118813 0.197719 -0.130185
v 3.130704 0.156926 -0.130185
v 3.145651 0.120022 -0.130185
v 3.163500 0.087250 -0.130185
v 3.184100 0.058853 -0.130185
v 3.207296 0.035074 -0.130185
v 3.232938 0.016156 -0.130185
v 3.260870 0.002343 -0.130185
v 3.290942 -0.006124 -0.130185
v 3.323000 -0.009000 -0.130185
v 3.355058 -0.006124 -0.130185
v 3.385130 0.002343 -0.130185
v 3.413063 0.016156 -0.130185
v 3.438704 0.035074 -0.130185
v 3.461900 0.058853 -0.130185
v 3.482500 0.087250 -0.130185
v 3.500350 0.120022 -0.130185
v 3.515296 0.156926 -0.130185
v 3.527187 0.197719 -0.130185
v 3.535870 0.242157 -0.130185
v 3.541192 0.289999 -0.130185
v 3.445000 0.341000 -0.130185
v 3.444051 0.302332 -0.130185
v 3.441241 0.266407 -0.130185
v 3.436625 0.233344 -0.130185
v 3.430259 0.203259 -0.130185
v 3.422199 0.176272 -0.130185
v 3.412500 0.152500 -0.130185
v 3.401217 0.132061 -0.130185
v 3.388407 0.115074 -0.130185
v 3.374125 0.101656 -0.130185
v 3.358426 0.091926 -0.130185
v 3.341365 0.086001 -0.130185
v 3.323000 0.084000 -0.130185
v 3.304635 0.086001 -0.130185
v 3.287574 0.091926 -0.130185
v 3.271875 0.101656 -0.130185
v 3.257593 0.115074 -0.130185
v 3.244782 0.132061 -0.130185
v 3.233500 0.152500 -0.130185
v 3.223801 0.176272 -0.130185
v 3.215741 0.203259 -0.130185
v 3.209375 0.233344 -0.130185
v 3.204759 0.266407 -0.130185
v 3.201949 0.302332 -0.130185
v 3.201000 0.341000 -0.130185
v 3.201949 0.379668 -0.130185
v 3.204760 0.415593 -0.130185
v 3.209375 0.448656 -0.130185
v 3.215741 0.478741 -0.130185
v 3.223801 0.505728 -0.130185
v 3.233500 0.529500 -0.130185
v 3.244783 0.549939 -0.130185
v 3.257593 0.566926 -0.130185
v 3.271876 0.580344 -0.130185
v 3.287575 0.590074 -0.130185
v 3.304635 0.595999 -0.130185
v 3.323000 0.598000 -0.130185
v 3.341366 0.595999 -0.130185
v 3.358426 0.590074 -0.130185
v 3.374125 0.580344 -0.130185
v 3.388408 0.566926 -0.130185
v 3.401218 0.549939 -0.130185
v 3.412500 0.529500 -0.130185
v 3.422199 0.505728 -0.130185
v 3.430260 0.478741 -0.130185
v 3.436625 0.448656 -0.130185
v 3.441241 0.415593 -0.130185
v 3.444052 0.379668 -0.130185
vn -0.0000 -0.0000 1.0000
vn -0.0000 -0.0000 -1.0000
vn -0.9809 0.1943 -0.0000
vn 0.9984 0.0568 -0.0000
vn 0.9904 -0.1383 -0.0000
vn -0.0000 1.0000 -0.0000
vn 0.9783 0.2070 -0.0000
vn -0.9853 -0.1709 -0.0000
vn -0.9904 -0.1383 -0.0000
vn -0.9582 0.2862 -0.0000
vn 0.7235 0.6904 -0.0000
vn -0.9984 -0.0559 -0.0000
vn -0.9939 0.1106 -0.0000
vn -0.5547 0.8320 -0.0000
vn 0.9138 0.4063 -0.0000
vn 0.9582 0.2862 -0.0000
vn -0.9600 -0.2799 -0.0000
vn 0.9989 -0.0462 -0.0000
vn 0.9939 0.1106 -0.0000
vn 0.9243 -0.3817 -0.0000
vn 0.6305 0.7762 -0.0000
vn -0.9997 0.0239 -0.0000
vn -0.9135 -0.4068 -0.0000
vn -0.5133 0.8582 -0.0000
vn 0.9970 -0.0780 -0.0000
vn 0.9600 -0.2799 -0.0000
vn -0.9971 0.0761 -0.0000
vn -0.9970 -0.0780 -0.0000
vn -0.9011 -0.4336 -0.0000
vn -0.9259 0.3778 -0.0000
vn -0.9994 0.0354 -0.0000
vn -0.4711 0.8821 -0.0000
vn 0.9899 -0.1419 -0.0000
vn 0.9259 0.3778 -0.0000
vn -0.9911 0.1329 -0.0000
vn -0.0000 -1.0000 -0.0000
vn -0.9269 -0.3754 -0.0000
vn 0.9994 0.0354 -0.0000
vn 0.5291 0.8485 -0.0000
vn -0.9814 0.1922 -0.0000
vn -0.4281 0.9037 -0.0000
vn 0.9997 -0.0245 -0.0000
vn 0.9269 -0.3754 -0.0000
vn -0.9997 -0.0245 -0.0000
vn 0.9194 -0.3934 -0.0000
vn -0.8755 0.4833 -0.0000
vn 0.9715 -0.2372 -0.0000
vn -0.9110 -0.4124 -0.0000
vn 0.9871 -0.1601 -0.0000
vn -0.9679 0.2514 -0.0000
vn -0.9994 -0.0354 -0.0000
vn -0.3842 0.9233 -0.0000
vn -1.0000 -0.0000 -0.0000
vn 0.8755 0.4833 -0.0000
vn -0.9515 0.3077 -0.0000
vn -0.7984 0.6021 -0.0000
vn 0.9997 0.0245 -0.0000
vn 0.4205 0.9073 -0.0000
vn -0.9997 0.0245 -0.0000
vn -0.3392 0.9407 -0.0000
vn 0.9455 -0.3256 -0.0000
vn 0.7984 0.6021 -0.0000
vn -0.9335 0.3586 -0.0000
vn -0.2931 0.9561 -0.0000
vn -0.8782 -0.4783 -0.0000
vn 0.9994 -0.0354 -0.0000
vn 0.0604 0.9982 -0.0000
vn -0.9155 0.4024 -0.0000
vn 0.9970 0.0780 -0.0000
vn 0.1888 0.9820 -0.0000
vn 0.3056 0.9522 -0.0000
vn 0.8782 -0.4783 -0.0000
vn -0.8988 0.4383 -0.0000
vn -0.9970 0.0780 -0.0000
vn -0.2455 0.9694 -0.0000
vn -0.6847 0.7288 -0.0000
vn 0.3223 0.9466 -0.0000
vn -0.9939 -0.1106 -0.0000
vn -0.8383 -0.5452 -0.0000
vn 0.9152 -0.4030 -0.0000
vn 0.4546 0.8907 -0.0000
vn 0.6847 0.7288 -0.0000
vn -0.8846 0.4663 -0.0000
vn -0.5268 0.8500 -0.0000
vn 0.9939 -0.1106 -0.0000
vn 0.5791 0.8152 -0.0000
vn 0.1856 0.9826 -0.0000
vn -0.8735 0.4868 -0.0000
vn -0.1961 0.9806 -0.0000
vn 0.9904 0.1383 -0.0000
vn 0.5268 0.8500 -0.0000
vn -0.9904 0.1383 -0.0000
vn -0.0517 -0.9987 -0.0000
vn -0.1443 0.9895 -0.0000
vn -0.3281 0.9447 -0.0000
vn 0.8841 -0.4672 -0.0000
vn -0.8657 0.5006 -0.0000
vn -0.9814 -0.1918 -0.0000
vn 0.6901 0.7237 -0.0000
vn 0.0621 0.9981 -0.0000
vn 0.3281 0.9447 -0.0000
vn -0.8534 0.5213 -0.0000
vn -0.0896 0.9960 -0.0000
vn -0.8095 -0.5872 -0.0000
vn 0.9814 -0.1918 -0.0000
vn 1.0000 -0.0000 -0.0000
vn -0.9783 0.2070 -0.0000
vn -0.1639 -0.9865 -0.0000
vn -0.0310 0.9995 -0.0000
vn 0.8550 -0.5186 -0.0000
vn 0.8094 -0.5872 -0.0000
vn -0.8367 0.5477 -0.0000
vn -0.2852 -0.9585 -0.0000
vn -0.1083 0.9941 -0.0000
vn -0.7616 -0.6480 -0.0000
vn -0.4117 -0.9113 -0.0000
vn 0.8295 -0.5586 -0.0000
vn 0.1083 0.9941 -0.0000
vn -0.8226 0.5686 -0.0000
vn 0.9673 -0.2538 -0.0000
vn 0.7840 0.6207 -0.0000
vn -0.6718 -0.7408 -0.0000
vn -0.7158 -0.6983 -0.0000
vn -0.5377 -0.8432 -0.0000
vn 0.8083 -0.5888 -0.0000
vn -0.5696 -0.8219 -0.0000
vn -0.8108 0.5853 -0.0000
vn -0.6563 -0.7545 -0.0000
vn 0.7158 -0.6983 -0.0000
vn -0.5937 -0.8047 -0.0000
vn -0.8009 0.5988 -0.0000
vn 0.8596 0.5110 -0.0000
vn -0.7610 -0.6488 -0.0000
vn 0.4920 -0.8706 -0.0000
vn 0.5937 -0.8047 -0.0000
vn 0.7914 -0.6113 -0.0000
vn -0.9650 0.2622 -0.0000
vn -0.4433 -0.8964 -0.0000
vn -0.7927 0.6096 -0.0000
vn 0.9173 0.3983 -0.0000
vn -0.4562 -0.8899 -0.0000
vn -0.8471 -0.5314 -0.0000
vn 0.4433 -0.8964 -0.0000
vn 0.7786 -0.6275 -0.0000
vn -0.2710 -0.9626 -0.0000
vn -0.7859 0.6183 -0.0000
vn -0.9127 -0.4086 -0.0000
vn 0.9410 -0.3384 -0.0000
vn 0.4483 -0.8939 -0.0000
vn 0.2710 -0.9626 -0.0000
vn 0.7694 -0.6388 -0.0000
vn 0.9586 0.2847 -0.0000
vn -0.0894 -0.9960 -0.0000
vn -0.7805 0.6252 -0.0000
vn -0.9583 -0.2858 -0.0000
vn 0.4060 -0.9139 -0.0000
vn 0.0894 -0.9960 -0.0000
vn -0.0668 0.9978 -0.0000
vn -0.7763 0.6304 -0.0000
vn 0.3649 -0.9310 -0.0000
vn 0.9852 0.1712 -0.0000
vn -0.3331 -0.9429 -0.0000
vn 0.0704 0.9975 -0.0000
vn -0.9860 -0.1668 -0.0000
vn -0.2022 0.9793 -0.0000
vn 0.3244 -0.9459 -0.0000
vn 0.9984 0.0574 -0.0000
vn 0.2132 0.9770 -0.0000
vn -0.7733 0.6340 -0.0000
vn -0.9985 -0.0539 -0.0000
vn 0.2843 -0.9587 -0.0000
vn -0.3346 0.9423 -0.0000
vn -0.7716 0.6361 -0.0000
vn -0.9988 0.0500 -0.0000
vn 0.2441 -0.9698 -0.0000
vn -0.9377 0.3474 -0.0000
vn 0.3532 0.9356 -0.0000
vn -0.7713 0.6364 -0.0000
vn -0.4598 0.8880 -0.0000
vn 0.9979 -0.0649 -0.0000
vn -0.2026 -0.9793 -0.0000
vn -0.9896 0.1438 -0.0000
vn 0.4852 0.8744 -0.0000
vn -0.0894 0.9960 -0.0000
vn 0.2032 -0.9791 -0.0000
vn -0.5744 0.8186 -0.0000
vn 0.9812 -0.1929 -0.0000
vn 0.0894 0.9960 -0.0000
vn -0.9713 0.2380 -0.0000
vn 0.1614 -0.9869 -0.0000
vn 0.6048 0.7963 -0.0000
vn 0.2710 0.9626 -0.0000
vn -0.9415 0.3370 -0.0000
vn 0.1181 -0.9930 -0.0000
vn -0.6763 0.7366 -0.0000
vn -0.2710 0.9626 -0.0000
vn -0.0676 -0.9977 -0.0000
vn 0.9484 -0.3170 -0.0000
vn 0.0250 -0.9997 -0.0000
vn 0.7093 0.7049 -0.0000
vn 0.4433 0.8964 -0.0000
vn -0.8968 0.4424 -0.0000
vn 0.0728 -0.9973 -0.0000
vn -0.7648 0.6443 -0.0000
vn -0.4433 0.8964 -0.0000
vn -0.9061 0.4230 -0.0000
vn 0.9000 -0.4360 -0.0000
vn 0.7971 0.6038 -0.0000
vn 0.5937 0.8047 -0.0000
vn -0.8329 0.5534 -0.0000
vn 0.9097 -0.4152 -0.0000
vn -0.8395 0.5433 -0.0000
vn -0.5937 0.8047 -0.0000
vn -0.8718 0.4899 -0.0000
vn -0.7460 0.6659 -0.0000
vn -0.7158 0.6983 -0.0000
vn 0.0580 -0.9983 -0.0000
vn 0.8741 -0.4857 -0.0000
vn 0.8361 -0.5485 -0.0000
vn -0.8356 0.5493 -0.0000
vn 0.7158 0.6983 -0.0000
vn -0.6346 0.7729 -0.0000
vn -0.0747 -0.9972 -0.0000
vn -0.8095 0.5872 -0.0000
vn 0.7573 -0.6530 -0.0000
vn 0.1773 -0.9842 -0.0000
vn -0.5015 0.8651 -0.0000
vn 0.8344 -0.5512 -0.0000
vn -0.2213 -0.9752 -0.0000
vn -0.7605 0.6493 -0.0000
vn 0.8094 0.5872 -0.0000
vn -0.3550 0.9349 -0.0000
vn -0.7222 0.6917 -0.0000
vn 0.8681 0.4965 -0.0000
vn 0.1083 -0.9941 -0.0000
vn -0.1083 -0.9941 -0.0000
vn 0.6643 -0.7475 -0.0000
vn 0.2982 -0.9545 -0.0000
vn -0.2059 0.9786 -0.0000
vn 0.7904 -0.6126 -0.0000
vn -0.3589 -0.9334 -0.0000
vn -0.6836 0.7299 -0.0000
vn 0.3281 -0.9447 -0.0000
vn -0.0647 0.9979 -0.0000
vn -0.3281 -0.9447 -0.0000
vn -0.0321 0.9995 -0.0000
vn -0.6447 0.7644 -0.0000
vn 0.4181 -0.9084 -0.0000
vn -0.4842 -0.8750 -0.0000
vn -0.8782 0.4783 -0.0000
vn 0.0595 0.9982 -0.0000
vn -0.0971 0.9953 -0.0000
vn 0.7417 -0.6707 -0.0000
vn -0.9006 0.4347 -0.0000
vn -0.6055 0.7958 -0.0000
vn 0.8782 0.4783 -0.0000
vn -0.1624 0.9867 -0.0000
vn 0.5583 -0.8297 -0.0000
vn -0.5661 0.8244 -0.0000
vn 0.5340 -0.8455 -0.0000
vn 0.5268 -0.8500 -0.0000
vn 0.4415 -0.8973 -0.0000
vn -0.5958 -0.8031 -0.0000
vn -0.5268 -0.8500 -0.0000
vn 0.1829 0.9831 -0.0000
vn -0.2268 0.9740 -0.0000
vn 0.3172 -0.9484 -0.0000
vn 0.6876 -0.7261 -0.0000
vn -0.7682 -0.6402 -0.0000
vn 0.6427 -0.7661 -0.0000
vn 0.6847 -0.7288 -0.0000
vn 0.1892 -0.9819 -0.0000
vn -0.6934 -0.7205 -0.0000
vn -0.6847 -0.7288 -0.0000
vn 0.3089 0.9511 -0.0000
vn 0.5592 -0.8290 -0.0000
vn -0.2889 0.9574 -0.0000
vn 0.0618 -0.9981 -0.0000
vn 0.6271 -0.7789 -0.0000
vn 0.9226 0.3857 -0.0000
vn 0.7984 -0.6021 -0.0000
vn -0.3479 0.9375 -0.0000
vn -0.7984 -0.6021 -0.0000
vn 0.7411 -0.6714 -0.0000
vn -0.9478 0.3190 -0.0000
vn -0.9269 0.3754 -0.0000
vn 0.4340 0.9009 -0.0000
vn -0.4029 0.9153 -0.0000
vn -0.7775 -0.6289 -0.0000
vn 0.9269 0.3754 -0.0000
vn -0.4535 0.8913 -0.0000
vn 0.8262 -0.5634 -0.0000
vn 0.8755 -0.4833 -0.0000
vn -0.8484 -0.5294 -0.0000
vn -0.8755 -0.4833 -0.0000
vn 0.5540 0.8325 -0.0000
vn -0.4994 0.8664 -0.0000
vn 0.8956 -0.4449 -0.0000
vn 0.9259 -0.3778 -0.0000
vn -0.5407 0.8412 -0.0000
vn -0.9259 -0.3778 -0.0000
vn 0.9618 0.2738 -0.0000
vn -0.9806 0.1962 -0.0000
vn -0.9600 0.2799 -0.0000
vn 0.6647 0.7471 -0.0000
vn -0.5774 0.8164 -0.0000
vn -0.9063 -0.4226 -0.0000
vn 0.9600 0.2799 -0.0000
vn -0.6099 0.7925 -0.0000
vn 0.9476 -0.3194 -0.0000
vn 0.9582 -0.2862 -0.0000
vn -0.9511 -0.3089 -0.0000
vn -0.9582 -0.2862 -0.0000
vn 0.7624 0.6471 -0.0000
vn -0.9814 0.1918 -0.0000
vn 0.7708 -0.6370 -0.0000
vn 0.9816 -0.1907 -0.0000
vn -0.9978 0.0668 -0.0000
vn 0.7355 -0.6775 -0.0000
vn 0.9814 0.1918 -0.0000
vn 0.6938 -0.7202 -0.0000
vn 0.9867 0.1625 -0.0000
vn 0.9783 -0.2070 -0.0000
vn -0.9820 -0.1890 -0.0000
vn -0.9783 -0.2070 -0.0000
vn 0.6448 -0.7643 -0.0000
vn 0.5880 -0.8088 -0.0000
vn 0.9980 -0.0626 -0.0000
vn -0.9980 -0.0637 -0.0000
vn 0.5233 -0.8522 -0.0000
vn 0.4509 -0.8926 -0.0000
vn 0.9973 0.0730 -0.0000
vn -0.9980 -0.0636 -0.0000
vn 0.3721 -0.9282 -0.0000
vn 0.2888 -0.9574 -0.0000
vn 0.9986 0.0533 -0.0000
vn 0.2035 -0.9791 -0.0000
vn 0.9762 0.2167 -0.0000
vn -1.0000 0.0007 -0.0000
vn 0.1192 -0.9929 -0.0000
vn -1.0000 0.0049 -0.0000
vn 0.0385 -0.9993 -0.0000
vn -0.9999 0.0136 -0.0000
vn -0.9997 0.0261 -0.0000
vn 0.8443 0.5359 -0.0000
vn -0.0662 -0.9978 -0.0000
vn -0.9816 -0.1907 -0.0000
vn -0.2007 -0.9796 -0.0000
vn 0.9357 0.3528 -0.0000
vn -0.3340 -0.9426 -0.0000
vn -0.9991 0.0426 -0.0000
vn -0.9981 0.0619 -0.0000
vn 0.9086 0.4176 -0.0000
vn -0.4620 -0.8869 -0.0000
vn -0.9965 0.0833 -0.0000
vn -0.5807 -0.8141 -0.0000
vn -0.7360 0.6770 -0.0000
vn 0.8782 0.4782 -0.0000
vn -0.6871 -0.7265 -0.0000
vn -0.9944 0.1061 -0.0000
vn 0.9552 0.2960 -0.0000
vn 0.7361 -0.6769 -0.0000
vn 0.9984 -0.0560 -0.0000
vn -0.7790 -0.6270 -0.0000
vn -0.9916 0.1292 -0.0000
vn -0.8549 -0.5188 -0.0000
vn -0.9884 0.1519 -0.0000
vn 0.6964 0.7177 -0.0000
vn 0.9846 0.1747 -0.0000
vn 0.8067 0.5910 -0.0000
vn -0.9144 -0.4047 -0.0000
vn -0.9492 -0.3148 -0.0000
vn -0.6967 -0.7174 -0.0000
vn -0.9577 -0.2879 -0.0000
vn -0.9848 0.1738 -0.0000
vn -0.9196 0.3928 -0.0000
vt 0.284254 0.000000
vt 0.280164 0.000000
vt 0.282209 0.000000
vt 0.278119 0.000000
vt 0.274029 0.000000
vt 0.276074 0.000000
vt 0.271984 0.000000
vt 0.288344 0.000000
vt 0.292434 0.000000
vt 0.286299 0.000000
vt 0.290389 0.000000
vt 0.298569 0.000000
vt 0.294479 0.000000
vt 0.296524 0.000000
vt 0.310838 0.000000
vt 0.308793 0.000000
vt 0.314928 0.000000
vt 0.312883 0.000000
vt 0.302658 0.000000
vt 0.304703 0.000000
vt 0.300613 0.000000
vt 0.306748 0.000000
vt 0.316973 0.000000
vt 0.372188 0.000000
vt 0.370143 0.000000
vt 0.368098 0.000000
vt 0.366053 0.000000
vt 0.364008 0.000000
vt 0.361963 0.000000
vt 0.359918 0.000000
vt 0.357873 0.000000
vt 0.374233 0.000000
vt 0.376278 0.000000
vt 0.355828 0.000000
vt 0.425358 0.000000
vt 0.378323 0.000000
vt 0.380368 0.000000
vt 0.382413 0.000000
vt 0.353783 0.000000
vt 0.384458 0.000000
vt 0.386503 0.000000
vt 0.351738 0.000000
vt 0.388548 0.000000
vt 0.349693 0.000000
vt 0.390593 0.000000
vt 0.392638 0.000000
vt 0.347648 0.000000
vt 0.394683 0.000000
vt 0.345603 0.000000
vt 0.396728 0.000000
vt 0.343558 0.000000
vt 0.398773 0.000000
vt 0.400818 0.000000
vt 0.341513 0.000000
vt 0.402863 0.000000
vt 0.339468 0.000000
vt 0.404908 0.000000
vt 0.406953 0.000000
vt 0.337423 0.000000
vt 0.408998 0.000000
vt 0.335378 0.000000
vt 0.411043 0.000000
vt 0.413088 0.000000
vt 0.333333 0.000000
vt 0.415133 0.000000
vt 0.331288 0.000000
vt 0.417178 0.000000
vt 0.419223 0.000000
vt 0.329243 0.000000
vt 0.421268 0.000000
vt 0.423313 0.000000
vt 0.327198 0.000000
vt 0.325153 0.000000
vt 0.323108 0.000000
vt 0.321063 0.000000
vt 0.319018 0.000000
vt 0.453988 0.000000
vt 0.449898 0.000000
vt 0.451943 0.000000
vt 0.447853 0.000000
vt 0.456033 0.000000
vt 0.445808 0.000000
vt 0.458078 0.000000
vt 0.443763 0.000000
vt 0.460123 0.000000
vt 0.462168 0.000000
vt 0.441718 0.000000
vt 0.464213 0.000000
vt 0.599182 0.000000
vt 0.439673 0.000000
vt 0.597137 0.000000
vt 0.601227 0.000000
vt 0.595092 0.000000
vt 0.603272 0.000000
vt 0.466258 0.000000
vt 0.437628 0.000000
vt 0.593047 0.000000
vt 0.605317 0.000000
vt 0.591002 0.000000
vt 0.607362 0.000000
vt 0.588957 0.000000
vt 0.609407 0.000000
vt 0.468303 0.000000
vt 0.435583 0.000000
vt 0.586912 0.000000
vt 0.611452 0.000000
vt 0.584867 0.000000
vt 0.613497 0.000000
vt 0.470348 0.000000
vt 0.433538 0.000000
vt 0.582822 0.000000
vt 0.615542 0.000000
vt 0.472393 0.000000
vt 0.431493 0.000000
vt 0.580777 0.000000
vt 0.617587 0.000000
vt 0.578732 0.000000
vt 0.619632 0.000000
vt 0.474438 0.000000
vt 0.429448 0.000000
vt 0.576687 0.000000
vt 0.621677 0.000000
vt 0.476483 0.000000
vt 0.427403 0.000000
vt 0.574642 0.000000
vt 0.525562 0.000000
vt 0.478528 0.000000
vt 0.572597 0.000000
vt 0.527607 0.000000
vt 0.523517 0.000000
vt 0.570552 0.000000
vt 0.529652 0.000000
vt 0.480573 0.000000
vt 0.521472 0.000000
vt 0.568507 0.000000
vt 0.531697 0.000000
vt 0.482618 0.000000
vt 0.519427 0.000000
vt 0.533742 0.000000
vt 0.566462 0.000000
vt 0.535787 0.000000
vt 0.564417 0.000000
vt 0.484663 0.000000
vt 0.517382 0.000000
vt 0.537832 0.000000
vt 0.562372 0.000000
vt 0.486708 0.000000
vt 0.515337 0.000000
vt 0.539877 0.000000
vt 0.560327 0.000000
vt 0.541922 0.000000
vt 0.558282 0.000000
vt 0.488753 0.000000
vt 0.513292 0.000000
vt 0.543967 0.000000
vt 0.556237 0.000000
vt 0.546012 0.000000
vt 0.554192 0.000000
vt 0.548057 0.000000
vt 0.552147 0.000000
vt 0.490798 0.000000
vt 0.511247 0.000000
vt 0.550102 0.000000
vt 0.492843 0.000000
vt 0.509202 0.000000
vt 0.494888 0.000000
vt 0.507157 0.000000
vt 0.496933 0.000000
vt 0.505112 0.000000
vt 0.498978 0.000000
vt 0.503067 0.000000
vt 0.501023 0.000000
vt 0.676892 0.000000
vt 0.672802 0.000000
vt 0.674847 0.000000
vt 0.678937 0.000000
vt 0.680982 0.000000
vt 0.670757 0.000000
vt 0.683027 0.000000
vt 0.668712 0.000000
vt 0.685072 0.000000
vt 0.687117 0.000000
vt 0.666667 0.000000
vt 0.689162 0.000000
vt 0.691207 0.000000
vt 0.664622 0.000000
vt 0.693252 0.000000
vt 0.695297 0.000000
vt 0.662577 0.000000
vt 0.697342 0.000000
vt 0.699386 0.000000
vt 0.660532 0.000000
vt 0.701432 0.000000
vt 0.703476 0.000000
vt 0.705521 0.000000
vt 0.707566 0.000000
vt 0.709611 0.000000
vt 0.711656 0.000000
vt 0.713701 0.000000
vt 0.715746 0.000000
vt 0.717791 0.000000
vt 0.719836 0.000000
vt 0.721881 0.000000
vt 0.723926 0.000000
vt 0.725971 0.000000
vt 0.658487 0.000000
vt 0.728016 0.000000
vt 0.730061 0.000000
vt 0.732106 0.000000
vt 0.656442 0.000000
vt 0.734151 0.000000
vt 0.736196 0.000000
vt 0.738241 0.000000
vt 0.654397 0.000000
vt 0.740286 0.000000
vt 0.742331 0.000000
vt 0.652352 0.000000
vt 0.744376 0.000000
vt 0.746421 0.000000
vt 0.650307 0.000000
vt 0.748466 0.000000
vt 0.750511 0.000000
vt 0.648262 0.000000
vt 0.752556 0.000000
vt 0.754601 0.000000
vt 0.646217 0.000000
vt 0.756646 0.000000
vt 0.758691 0.000000
vt 0.644172 0.000000
vt 0.760736 0.000000
vt 0.762781 0.000000
vt 0.642127 0.000000
vt 0.764826 0.000000
vt 0.766871 0.000000
vt 0.768916 0.000000
vt 0.640082 0.000000
vt 0.770961 0.000000
vt 0.773006 0.000000
vt 0.638037 0.000000
vt 0.775051 0.000000
vt 0.777096 0.000000
vt 0.635992 0.000000
vt 0.779141 0.000000
vt 0.633947 0.000000
vt 0.781186 0.000000
vt 0.631902 0.000000
vt 0.783231 0.000000
vt 0.785276 0.000000
vt 0.629857 0.000000
vt 0.787321 0.000000
vt 0.627812 0.000000
vt 0.789366 0.000000
vt 0.625767 0.000000
vt 0.791411 0.000000
vt 0.793456 0.000000
vt 0.623722 0.000000
vt 0.803681 0.000000
vt 0.795501 0.000000
vt 0.797546 0.000000
vt 0.799591 0.000000
vt 0.801636 0.000000
vt 0.832311 0.000000
vt 0.828221 0.000000
vt 0.830266 0.000000
vt 0.826176 0.000000
vt 0.834356 0.000000
vt 0.824131 0.000000
vt 0.836401 0.000000
vt 0.822086 0.000000
vt 0.838446 0.000000
vt 0.840491 0.000000
vt 0.820041 0.000000
vt 0.842536 0.000000
vt 0.977505 0.000000
vt 0.817996 0.000000
vt 0.975460 0.000000
vt 0.979550 0.000000
vt 0.973415 0.000000
vt 0.981595 0.000000
vt 0.844581 0.000000
vt 0.815951 0.000000
vt 0.971370 0.000000
vt 0.983640 0.000000
vt 0.969325 0.000000
vt 0.985685 0.000000
vt 0.967280 0.000000
vt 0.987730 0.000000
vt 0.846626 0.000000
vt 0.813906 0.000000
vt 0.965235 0.000000
vt 0.989775 0.000000
vt 0.963190 0.000000
vt 0.991820 0.000000
vt 0.848671 0.000000
vt 0.811861 0.000000
vt 0.961145 0.000000
vt 0.993865 0.000000
vt 0.850716 0.000000
vt 0.809816 0.000000
vt 0.959100 0.000000
vt 0.995910 0.000000
vt 0.957055 0.000000
vt 0.997955 0.000000
vt 0.852761 0.000000
vt 0.807771 0.000000
vt 0.955010 0.000000
vt 1.000000 0.000000
vt 0.854806 0.000000
vt 0.805726 0.000000
vt 0.952965 0.000000
vt 0.903885 0.000000
vt 0.856851 0.000000
vt 0.950920 0.000000
vt 0.905930 0.000000
vt 0.901841 0.000000
vt 0.948875 0.000000
vt 0.907975 0.000000
vt 0.858896 0.000000
vt 0.899795 0.000000
vt 0.946830 0.000000
vt 0.910020 0.000000
vt 0.860941 0.000000
vt 0.897750 0.000000
vt 0.912065 0.000000
vt 0.944785 0.000000
vt 0.914110 0.000000
vt 0.942740 0.000000
vt 0.862986 0.000000
vt 0.895706 0.000000
vt 0.916155 0.000000
vt 0.940695 0.000000
vt 0.865031 0.000000
vt 0.893661 0.000000
vt 0.918200 0.000000
vt 0.938650 0.000000
vt 0.920245 0.000000
vt 0.936605 0.000000
vt 0.867076 0.000000
vt 0.891616 0.000000
vt 0.922290 0.000000
vt 0.934560 0.000000
vt 0.924335 0.000000
vt 0.932515 0.000000
vt 0.926380 0.000000
vt 0.930470 0.000000
vt 0.869121 0.000000
vt 0.889571 0.000000
vt 0.928425 0.000000
vt 0.871166 0.000000
vt 0.887526 0.000000
vt 0.873211 0.000000
vt 0.885481 0.000000
vt 0.875256 0.000000
vt 0.883436 0.000000
vt 0.877301 0.000000
vt 0.881391 0.000000
vt 0.879346 0.000000
vt 0.051125 0.000000
vt 0.047035 0.000000
vt 0.049080 0.000000
vt 0.053170 0.000000
vt 0.044990 0.000000
vt 0.055215 0.000000
vt 0.042945 0.000000
vt 0.057260 0.000000
vt 0.040900 0.000000
vt 0.059305 0.000000
vt 0.038855 0.000000
vt 0.061350 0.000000
vt 0.036810 0.000000
vt 0.063395 0.000000
vt 0.034765 0.000000
vt 0.065440 0.000000
vt 0.171779 0.000000
vt 0.173824 0.000000
vt 0.175869 0.000000
vt 0.169734 0.000000
vt 0.177914 0.000000
vt 0.032720 0.000000
vt 0.167689 0.000000
vt 0.179959 0.000000
vt 0.165644 0.000000
vt 0.182004 0.000000
vt 0.067485 0.000000
vt 0.163599 0.000000
vt 0.184049 0.000000
vt 0.161554 0.000000
vt 0.186094 0.000000
vt 0.030675 0.000000
vt 0.159509 0.000000
vt 0.069530 0.000000
vt 0.188139 0.000000
vt 0.157464 0.000000
vt 0.190184 0.000000
vt 0.155419 0.000000
vt 0.028630 0.000000
vt 0.071575 0.000000
vt 0.192229 0.000000
vt 0.153374 0.000000
vt 0.194274 0.000000
vt 0.151329 0.000000
vt 0.073620 0.000000
vt 0.026585 0.000000
vt 0.196319 0.000000
vt 0.149284 0.000000
vt 0.198364 0.000000
vt 0.269939 0.000000
vt 0.075665 0.000000
vt 0.024540 0.000000
vt 0.267894 0.000000
vt 0.200409 0.000000
vt 0.202454 0.000000
vt 0.204499 0.000000
vt 0.206544 0.000000
vt 0.077710 0.000000
vt 0.265849 0.000000
vt 0.208589 0.000000
vt 0.210634 0.000000
vt 0.212679 0.000000
vt 0.263804 0.000000
vt 0.214724 0.000000
vt 0.022495 0.000000
vt 0.216769 0.000000
vt 0.218814 0.000000
vt 0.261759 0.000000
vt 0.079755 0.000000
vt 0.220859 0.000000
vt 0.222904 0.000000
vt 0.259714 0.000000
vt 0.224949 0.000000
vt 0.257669 0.000000
vt 0.226994 0.000000
vt 0.081800 0.000000
vt 0.229039 0.000000
vt 0.255624 0.000000
vt 0.231084 0.000000
vt 0.020450 0.000000
vt 0.233129 0.000000
vt 0.253579 0.000000
vt 0.235174 0.000000
vt 0.237219 0.000000
vt 0.251534 0.000000
vt 0.239264 0.000000
vt 0.083845 0.000000
vt 0.249489 0.000000
vt 0.241309 0.000000
vt 0.243354 0.000000
vt 0.247444 0.000000
vt 0.245399 0.000000
vt 0.085890 0.000000
vt 0.018405 0.000000
vt 0.087935 0.000000
vt 0.089980 0.000000
vt 0.122699 0.000000
vt 0.120654 0.000000
vt 0.124744 0.000000
vt 0.092025 0.000000
vt 0.016360 0.000000
vt 0.118609 0.000000
vt 0.116564 0.000000
vt 0.114519 0.000000
vt 0.094070 0.000000
vt 0.112474 0.000000
vt 0.110429 0.000000
vt 0.108384 0.000000
vt 0.126789 0.000000
vt 0.096115 0.000000
vt 0.106339 0.000000
vt 0.104294 0.000000
vt 0.102249 0.000000
vt 0.098160 0.000000
vt 0.100204 0.000000
vt 0.128834 0.000000
vt 0.014315 0.000000
vt 0.130879 0.000000
vt 0.012270 0.000000
vt 0.132924 0.000000
vt 0.134969 0.000000
vt 0.010225 0.000000
vt 0.137014 0.000000
vt 0.139059 0.000000
vt 0.008180 0.000000
vt 0.141104 0.000000
vt 0.143149 0.000000
vt 0.006135 0.000000
vt 0.145194 0.000000
vt 0.147239 0.000000
vt 0.004090 0.000000
vt 0.000000 0.000000
vt 0.002045 0.000000
s 0
f 140/1/1 138/2/1 139/3/1
f 140/1/1 137/4/1 138/2/1
f 137/4/1 135/5/1 136/6/1
f 137/4/1 134/7/1 135/5/1
f 140/1/1 142/8/1 137/4/1
f 142/8/1 134/7/1 137/4/1
f 142/8/1 144/9/1 134/7/1
f 140/1/1 141/10/1 142/8/1
f 143/11/1 144/9/1 142/8/1
f 147/12/1 145/13/1 146/14/1
f 147/12/1 153/15/1 145/13/1
f 153/15/1 152/16/1 145/13/1
f 147/12/1 155/17/1 153/15/1
f 154/18/1 152/16/1 153/15/1
f 147/12/1 149/19/1 155/17/1
f 149/19/1 154/18/1 155/17/1
f 149/19/1 150/20/1 154/18/1
f 150/20/1 152/16/1 154/18/1
f 147/12/1 148/21/1 149/19/1
f 151/22/1 152/16/1 150/20/1
f 156/23/1 183/24/1 182/25/1
f 183/24/1 181/26/1 182/25/1
f 183/24/1 180/27/1 181/26/1
f 183/24/1 179/28/1 180/27/1
f 183/24/1 178/29/1 179/28/1
f 183/24/1 177/30/1 178/29/1
f 183/24/1 176/31/1 177/30/1
f 183/24/1 184/32/1 176/31/1
f 184/32/1 185/33/1 176/31/1
f 185/33/1 175/34/1 176/31/1
f 156/23/1 209/35/1 183/24/1
f 186/36/1 175/34/1 185/33/1
f 187/37/1 175/34/1 186/36/1
f 188/38/1 175/34/1 187/37/1
f 188/38/1 174/39/1 175/34/1
f 189/40/1 174/39/1 188/38/1
f 190/41/1 174/39/1 189/40/1
f 190/41/1 173/42/1 174/39/1
f 191/43/1 173/42/1 190/41/1
f 191/43/1 172/44/1 173/42/1
f 192/45/1 172/44/1 191/43/1
f 193/46/1 172/44/1 192/45/1
f 193/46/1 171/47/1 172/44/1
f 194/48/1 171/47/1 193/46/1
f 194/48/1 170/49/1 171/47/1
f 195/50/1 170/49/1 194/48/1
f 195/50/1 169/51/1 170/49/1
f 196/52/1 169/51/1 195/50/1
f 197/53/1 169/51/1 196/52/1
f 197/53/1 168/54/1 169/51/1
f 198/55/1 168/54/1 197/53/1
f 198/55/1 167/56/1 168/54/1
f 199/57/1 167/56/1 198/55/1
f 200/58/1 167/56/1 199/57/1
f 200/58/1 166/59/1 167/56/1
f 201/60/1 166/59/1 200/58/1
f 201/60/1 165/61/1 166/59/1
f 202/62/1 165/61/1 201/60/1
f 203/63/1 165/61/1 202/62/1
f 203/63/1 164/64/1 165/61/1
f 204/65/1 164/64/1 203/63/1
f 204/65/1 163/66/1 164/64/1
f 205/67/1 163/66/1 204/65/1
f 206/68/1 163/66/1 205/67/1
f 206/68/1 162/69/1 163/66/1
f 207/70/1 162/69/1 206/68/1
f 208/71/1 162/69/1 207/70/1
f 156/23/1 208/71/1 209/35/1
f 156/23/1 162/69/1 208/71/1
f 156/23/1 161/72/1 162/69/1
f 156/23/1 160/73/1 161/72/1
f 156/23/1 159/74/1 160/73/1
f 156/23/1 158/75/1 159/74/1
f 156/23/1 157/76/1 158/75/1
f 223/77/1 221/78/1 222/79/1
f 223/77/1 220/80/1 221/78/1
f 224/81/1 220/80/1 223/77/1
f 224/81/1 219/82/1 220/80/1
f 225/83/1 219/82/1 224/81/1
f 225/83/1 218/84/1 219/82/1
f 226/85/1 218/84/1 225/83/1
f 227/86/1 218/84/1 226/85/1
f 227/86/1 217/87/1 218/84/1
f 228/88/1 217/87/1 227/86/1
f 228/88/1 294/89/1 217/87/1
f 294/89/1 216/90/1 217/87/1
f 228/88/1 293/91/1 294/89/1
f 295/92/1 216/90/1 294/89/1
f 228/88/1 292/93/1 293/91/1
f 296/94/1 216/90/1 295/92/1
f 229/95/1 292/93/1 228/88/1
f 296/94/1 215/96/1 216/90/1
f 229/95/1 291/97/1 292/93/1
f 297/98/1 215/96/1 296/94/1
f 229/95/1 290/99/1 291/97/1
f 298/100/1 215/96/1 297/98/1
f 229/95/1 289/101/1 290/99/1
f 299/102/1 215/96/1 298/100/1
f 230/103/1 289/101/1 229/95/1
f 299/102/1 214/104/1 215/96/1
f 230/103/1 288/105/1 289/101/1
f 300/106/1 214/104/1 299/102/1
f 230/103/1 287/107/1 288/105/1
f 301/108/1 214/104/1 300/106/1
f 231/109/1 287/107/1 230/103/1
f 301/108/1 213/110/1 214/104/1
f 231/109/1 286/111/1 287/107/1
f 302/112/1 213/110/1 301/108/1
f 232/113/1 286/111/1 231/109/1
f 302/112/1 212/114/1 213/110/1
f 232/113/1 285/115/1 286/111/1
f 303/116/1 212/114/1 302/112/1
f 232/113/1 284/117/1 285/115/1
f 304/118/1 212/114/1 303/116/1
f 233/119/1 284/117/1 232/113/1
f 304/118/1 211/120/1 212/114/1
f 233/119/1 283/121/1 284/117/1
f 305/122/1 211/120/1 304/118/1
f 234/123/1 283/121/1 233/119/1
f 305/122/1 210/124/1 211/120/1
f 234/123/1 282/125/1 283/121/1
f 258/126/1 210/124/1 305/122/1
f 235/127/1 282/125/1 234/123/1
f 235/127/1 281/128/1 282/125/1
f 259/129/1 210/124/1 258/126/1
f 259/129/1 257/130/1 210/124/1
f 235/127/1 280/131/1 281/128/1
f 260/132/1 257/130/1 259/129/1
f 236/133/1 280/131/1 235/127/1
f 260/132/1 256/134/1 257/130/1
f 236/133/1 279/135/1 280/131/1
f 261/136/1 256/134/1 260/132/1
f 237/137/1 279/135/1 236/133/1
f 261/136/1 255/138/1 256/134/1
f 262/139/1 255/138/1 261/136/1
f 237/137/1 278/140/1 279/135/1
f 263/141/1 255/138/1 262/139/1
f 237/137/1 277/142/1 278/140/1
f 238/143/1 277/142/1 237/137/1
f 263/141/1 254/144/1 255/138/1
f 264/145/1 254/144/1 263/141/1
f 238/143/1 276/146/1 277/142/1
f 239/147/1 276/146/1 238/143/1
f 264/145/1 253/148/1 254/144/1
f 265/149/1 253/148/1 264/145/1
f 239/147/1 275/150/1 276/146/1
f 266/151/1 253/148/1 265/149/1
f 239/147/1 274/152/1 275/150/1
f 240/153/1 274/152/1 239/147/1
f 266/151/1 252/154/1 253/148/1
f 267/155/1 252/154/1 266/151/1
f 240/153/1 273/156/1 274/152/1
f 268/157/1 252/154/1 267/155/1
f 240/153/1 272/158/1 273/156/1
f 269/159/1 252/154/1 268/157/1
f 240/153/1 271/160/1 272/158/1
f 241/161/1 271/160/1 240/153/1
f 269/159/1 251/162/1 252/154/1
f 270/163/1 251/162/1 269/159/1
f 241/161/1 270/163/1 271/160/1
f 241/161/1 251/162/1 270/163/1
f 242/164/1 251/162/1 241/161/1
f 242/164/1 250/165/1 251/162/1
f 243/166/1 250/165/1 242/164/1
f 243/166/1 249/167/1 250/165/1
f 244/168/1 249/167/1 243/166/1
f 244/168/1 248/169/1 249/167/1
f 245/170/1 248/169/1 244/168/1
f 245/170/1 247/171/1 248/169/1
f 246/172/1 247/171/1 245/170/1
f 332/173/1 330/174/1 331/175/1
f 333/176/1 330/174/1 332/173/1
f 334/177/1 330/174/1 333/176/1
f 334/177/1 329/178/1 330/174/1
f 335/179/1 329/178/1 334/177/1
f 335/179/1 328/180/1 329/178/1
f 336/181/1 328/180/1 335/179/1
f 337/182/1 328/180/1 336/181/1
f 337/182/1 327/183/1 328/180/1
f 338/184/1 327/183/1 337/182/1
f 339/185/1 327/183/1 338/184/1
f 339/185/1 326/186/1 327/183/1
f 340/187/1 326/186/1 339/185/1
f 341/188/1 326/186/1 340/187/1
f 341/188/1 325/189/1 326/186/1
f 342/190/1 325/189/1 341/188/1
f 343/191/1 325/189/1 342/190/1
f 343/191/1 324/192/1 325/189/1
f 344/193/1 345/194/1 343/191/1
f 345/194/1 346/195/1 343/191/1
f 346/195/1 347/196/1 343/191/1
f 347/196/1 348/197/1 343/191/1
f 348/197/1 349/198/1 343/191/1
f 349/198/1 350/199/1 343/191/1
f 350/199/1 351/200/1 343/191/1
f 351/200/1 352/201/1 343/191/1
f 352/201/1 353/202/1 343/191/1
f 353/202/1 354/203/1 343/191/1
f 354/203/1 355/204/1 343/191/1
f 355/204/1 324/192/1 343/191/1
f 355/204/1 356/205/1 324/192/1
f 356/205/1 323/206/1 324/192/1
f 357/207/1 323/206/1 356/205/1
f 358/208/1 323/206/1 357/207/1
f 359/209/1 323/206/1 358/208/1
f 359/209/1 322/210/1 323/206/1
f 360/211/1 322/210/1 359/209/1
f 361/212/1 322/210/1 360/211/1
f 362/213/1 322/210/1 361/212/1
f 362/213/1 321/214/1 322/210/1
f 363/215/1 321/214/1 362/213/1
f 364/216/1 321/214/1 363/215/1
f 364/216/1 320/217/1 321/214/1
f 365/218/1 320/217/1 364/216/1
f 366/219/1 320/217/1 365/218/1
f 366/219/1 319/220/1 320/217/1
f 367/221/1 319/220/1 366/219/1
f 368/222/1 319/220/1 367/221/1
f 368/222/1 318/223/1 319/220/1
f 369/224/1 318/223/1 368/222/1
f 370/225/1 318/223/1 369/224/1
f 370/225/1 317/226/1 318/223/1
f 371/227/1 317/226/1 370/225/1
f 372/228/1 317/226/1 371/227/1
f 372/228/1 316/229/1 317/226/1
f 373/230/1 316/229/1 372/228/1
f 374/231/1 316/229/1 373/230/1
f 374/231/1 315/232/1 316/229/1
f 375/233/1 315/232/1 374/231/1
f 376/234/1 315/232/1 375/233/1
f 377/235/1 315/232/1 376/234/1
f 377/235/1 314/236/1 315/232/1
f 378/237/1 314/236/1 377/235/1
f 379/238/1 314/236/1 378/237/1
f 379/238/1 313/239/1 314/236/1
f 380/240/1 313/239/1 379/238/1
f 381/241/1 313/239/1 380/240/1
f 381/241/1 312/242/1 313/239/1
f 382/243/1 312/242/1 381/241/1
f 382/243/1 311/244/1 312/242/1
f 383/245/1 311/244/1 382/243/1
f 383/245/1 310/246/1 311/244/1
f 384/247/1 310/246/1 383/245/1
f 385/248/1 310/246/1 384/247/1
f 385/248/1 309/249/1 310/246/1
f 386/250/1 309/249/1 385/248/1
f 386/250/1 308/251/1 309/249/1
f 387/252/1 308/251/1 386/250/1
f 387/252/1 307/253/1 308/251/1
f 388/254/1 307/253/1 387/252/1
f 389/255/1 307/253/1 388/254/1
f 389/255/1 306/256/1 307/253/1
f 389/255/1 394/257/1 306/256/1
f 390/258/1 394/257/1 389/255/1
f 391/259/1 394/257/1 390/258/1
f 392/260/1 394/257/1 391/259/1
f 393/261/1 394/257/1 392/260/1
f 408/262/1 406/263/1 407/264/1
f 408/262/1 405/265/1 406/263/1
f 409/266/1 405/265/1 408/262/1
f 409/266/1 404/267/1 405/265/1
f 410/268/1 404/267/1 409/266/1
f 410/268/1 403/269/1 404/267/1
f 411/270/1 403/269/1 410/268/1
f 412/271/1 403/269/1 411/270/1
f 412/271/1 402/272/1 403/269/1
f 413/273/1 402/272/1 412/271/1
f 413/273/1 479/274/1 402/272/1
f 479/274/1 401/275/1 402/272/1
f 413/273/1 478/276/1 479/274/1
f 480/277/1 401/275/1 479/274/1
f 413/273/1 477/278/1 478/276/1
f 481/279/1 401/275/1 480/277/1
f 414/280/1 477/278/1 413/273/1
f 481/279/1 400/281/1 401/275/1
f 414/280/1 476/282/1 477/278/1
f 482/283/1 400/281/1 481/279/1
f 414/280/1 475/284/1 476/282/1
f 483/285/1 400/281/1 482/283/1
f 414/280/1 474/286/1 475/284/1
f 484/287/1 400/281/1 483/285/1
f 415/288/1 474/286/1 414/280/1
f 484/287/1 399/289/1 400/281/1
f 415/288/1 473/290/1 474/286/1
f 485/291/1 399/289/1 484/287/1
f 415/288/1 472/292/1 473/290/1
f 486/293/1 399/289/1 485/291/1
f 416/294/1 472/292/1 415/288/1
f 486/293/1 398/295/1 399/289/1
f 416/294/1 471/296/1 472/292/1
f 487/297/1 398/295/1 486/293/1
f 417/298/1 471/296/1 416/294/1
f 487/297/1 397/299/1 398/295/1
f 417/298/1 470/300/1 471/296/1
f 488/301/1 397/299/1 487/297/1
f 417/298/1 469/302/1 470/300/1
f 489/303/1 397/299/1 488/301/1
f 418/304/1 469/302/1 417/298/1
f 489/303/1 396/305/1 397/299/1
f 418/304/1 468/306/1 469/302/1
f 490/307/1 396/305/1 489/303/1
f 419/308/1 468/306/1 418/304/1
f 490/307/1 395/309/1 396/305/1
f 419/308/1 467/310/1 468/306/1
f 443/311/1 395/309/1 490/307/1
f 420/312/1 467/310/1 419/308/1
f 420/312/1 466/313/1 467/310/1
f 444/314/1 395/309/1 443/311/1
f 444/314/1 442/315/1 395/309/1
f 420/312/1 465/316/1 466/313/1
f 445/317/1 442/315/1 444/314/1
f 421/318/1 465/316/1 420/312/1
f 445/317/1 441/319/1 442/315/1
f 421/318/1 464/320/1 465/316/1
f 446/321/1 441/319/1 445/317/1
f 422/322/1 464/320/1 421/318/1
f 446/321/1 440/323/1 441/319/1
f 447/324/1 440/323/1 446/321/1
f 422/322/1 463/325/1 464/320/1
f 448/326/1 440/323/1 447/324/1
f 422/322/1 462/327/1 463/325/1
f 423/328/1 462/327/1 422/322/1
f 448/326/1 439/329/1 440/323/1
f 449/330/1 439/329/1 448/326/1
f 423/328/1 461/331/1 462/327/1
f 424/332/1 461/331/1 423/328/1
f 449/330/1 438/333/1 439/329/1
f 450/334/1 438/333/1 449/330/1
f 424/332/1 460/335/1 461/331/1
f 451/336/1 438/333/1 450/334/1
f 424/332/1 459/337/1 460/335/1
f 425/338/1 459/337/1 424/332/1
f 451/336/1 437/339/1 438/333/1
f 452/340/1 437/339/1 451/336/1
f 425/338/1 458/341/1 459/337/1
f 453/342/1 437/339/1 452/340/1
f 425/338/1 457/343/1 458/341/1
f 454/344/1 437/339/1 453/342/1
f 425/338/1 456/345/1 457/343/1
f 426/346/1 456/345/1 425/338/1
f 454/344/1 436/347/1 437/339/1
f 455/348/1 436/347/1 454/344/1
f 426/346/1 455/348/1 456/345/1
f 426/346/1 436/347/1 455/348/1
f 427/349/1 436/347/1 426/346/1
f 427/349/1 435/350/1 436/347/1
f 428/351/1 435/350/1 427/349/1
f 428/351/1 434/352/1 435/350/1
f 429/353/1 434/352/1 428/351/1
f 429/353/1 433/354/1 434/352/1
f 430/355/1 433/354/1 429/353/1
f 430/355/1 432/356/1 433/354/1
f 431/357/1 432/356/1 430/355/1
f 26/358/1 24/359/1 25/360/1
f 27/361/1 24/359/1 26/358/1
f 27/361/1 23/362/1 24/359/1
f 28/363/1 23/362/1 27/361/1
f 28/363/1 22/364/1 23/362/1
f 29/365/1 22/364/1 28/363/1
f 29/365/1 21/366/1 22/364/1
f 30/367/1 21/366/1 29/365/1
f 30/367/1 20/368/1 21/366/1
f 31/369/1 20/368/1 30/367/1
f 31/369/1 19/370/1 20/368/1
f 32/371/1 19/370/1 31/369/1
f 32/371/1 18/372/1 19/370/1
f 33/373/1 85/374/1 32/371/1
f 85/374/1 86/375/1 32/371/1
f 86/375/1 18/372/1 32/371/1
f 87/376/1 18/372/1 86/375/1
f 33/373/1 84/377/1 85/374/1
f 88/378/1 18/372/1 87/376/1
f 88/378/1 17/379/1 18/372/1
f 33/373/1 83/380/1 84/377/1
f 89/381/1 17/379/1 88/378/1
f 33/373/1 82/382/1 83/380/1
f 90/383/1 17/379/1 89/381/1
f 34/384/1 82/382/1 33/373/1
f 34/384/1 81/385/1 82/382/1
f 91/386/1 17/379/1 90/383/1
f 34/384/1 80/387/1 81/385/1
f 92/388/1 17/379/1 91/386/1
f 92/388/1 16/389/1 17/379/1
f 34/384/1 79/390/1 80/387/1
f 35/391/1 79/390/1 34/384/1
f 93/392/1 16/389/1 92/388/1
f 35/391/1 78/393/1 79/390/1
f 94/394/1 16/389/1 93/392/1
f 35/391/1 77/395/1 78/393/1
f 94/394/1 15/396/1 16/389/1
f 36/397/1 77/395/1 35/391/1
f 95/398/1 15/396/1 94/394/1
f 36/397/1 76/399/1 77/395/1
f 96/400/1 15/396/1 95/398/1
f 36/397/1 75/401/1 76/399/1
f 37/402/1 75/401/1 36/397/1
f 96/400/1 14/403/1 15/396/1
f 97/404/1 14/403/1 96/400/1
f 37/402/1 74/405/1 75/401/1
f 98/406/1 14/403/1 97/404/1
f 37/402/1 133/407/1 74/405/1
f 38/408/1 133/407/1 37/402/1
f 98/406/1 13/409/1 14/403/1
f 38/408/1 132/410/1 133/407/1
f 99/411/1 13/409/1 98/406/1
f 100/412/1 13/409/1 99/411/1
f 101/413/1 13/409/1 100/412/1
f 102/414/1 13/409/1 101/413/1
f 39/415/1 132/410/1 38/408/1
f 39/415/1 131/416/1 132/410/1
f 103/417/1 13/409/1 102/414/1
f 104/418/1 13/409/1 103/417/1
f 105/419/1 13/409/1 104/418/1
f 39/415/1 130/420/1 131/416/1
f 106/421/1 13/409/1 105/419/1
f 106/421/1 12/422/1 13/409/1
f 107/423/1 12/422/1 106/421/1
f 108/424/1 12/422/1 107/423/1
f 39/415/1 129/425/1 130/420/1
f 40/426/1 129/425/1 39/415/1
f 109/427/1 12/422/1 108/424/1
f 110/428/1 12/422/1 109/427/1
f 40/426/1 128/429/1 129/425/1
f 111/430/1 12/422/1 110/428/1
f 40/426/1 127/431/1 128/429/1
f 112/432/1 12/422/1 111/430/1
f 41/433/1 127/431/1 40/426/1
f 113/434/1 12/422/1 112/432/1
f 41/433/1 126/435/1 127/431/1
f 114/436/1 12/422/1 113/434/1
f 114/436/1 11/437/1 12/422/1
f 115/438/1 11/437/1 114/436/1
f 41/433/1 125/439/1 126/435/1
f 116/440/1 11/437/1 115/438/1
f 117/441/1 11/437/1 116/440/1
f 41/433/1 124/442/1 125/439/1
f 118/443/1 11/437/1 117/441/1
f 42/444/1 124/442/1 41/433/1
f 42/444/1 123/445/1 124/442/1
f 119/446/1 11/437/1 118/443/1
f 120/447/1 11/437/1 119/446/1
f 42/444/1 122/448/1 123/445/1
f 121/449/1 11/437/1 120/447/1
f 122/448/1 11/437/1 121/449/1
f 42/444/1 11/437/1 122/448/1
f 43/450/1 11/437/1 42/444/1
f 43/450/1 10/451/1 11/437/1
f 44/452/1 10/451/1 43/450/1
f 45/453/1 61/454/1 44/452/1
f 61/454/1 10/451/1 44/452/1
f 45/453/1 60/455/1 61/454/1
f 62/456/1 10/451/1 61/454/1
f 46/457/1 60/455/1 45/453/1
f 62/456/1 9/458/1 10/451/1
f 46/457/1 59/459/1 60/455/1
f 46/457/1 58/460/1 59/459/1
f 46/457/1 57/461/1 58/460/1
f 47/462/1 57/461/1 46/457/1
f 47/462/1 56/463/1 57/461/1
f 47/462/1 55/464/1 56/463/1
f 47/462/1 54/465/1 55/464/1
f 63/466/1 9/458/1 62/456/1
f 48/467/1 54/465/1 47/462/1
f 48/467/1 53/468/1 54/465/1
f 48/467/1 52/469/1 53/468/1
f 48/467/1 51/470/1 52/469/1
f 49/471/1 51/470/1 48/467/1
f 49/471/1 50/472/1 51/470/1
f 64/473/1 9/458/1 63/466/1
f 64/473/1 8/474/1 9/458/1
f 65/475/1 8/474/1 64/473/1
f 65/475/1 7/476/1 8/474/1
f 66/477/1 7/476/1 65/475/1
f 67/478/1 7/476/1 66/477/1
f 67/478/1 6/479/1 7/476/1
f 68/480/1 6/479/1 67/478/1
f 69/481/1 6/479/1 68/480/1
f 69/481/1 5/482/1 6/479/1
f 70/483/1 5/482/1 69/481/1
f 71/484/1 5/482/1 70/483/1
f 71/484/1 4/485/1 5/482/1
f 72/486/1 4/485/1 71/484/1
f 73/487/1 4/485/1 72/486/1
f 73/487/1 3/488/1 4/485/1
f 1/489/1 3/488/1 73/487/1
f 1/489/1 2/490/1 3/488/1
f 630/1/2 629/3/2 628/2/2
f 630/1/2 628/2/2 627/4/2
f 627/4/2 626/6/2 625/5/2
f 627/4/2 625/5/2 624/7/2
f 630/1/2 627/4/2 632/8/2
f 632/8/2 627/4/2 624/7/2
f 632/8/2 624/7/2 634/9/2
f 630/1/2 632/8/2 631/10/2
f 633/11/2 632/8/2 634/9/2
f 637/12/2 636/14/2 635/13/2
f 637/12/2 635/13/2 643/15/2
f 643/15/2 635/13/2 642/16/2
f 637/12/2 643/15/2 645/17/2
f 644/18/2 643/15/2 642/16/2
f 637/12/2 645/17/2 639/19/2
f 639/19/2 645/17/2 644/18/2
f 639/19/2 644/18/2 640/20/2
f 640/20/2 644/18/2 642/16/2
f 637/12/2 639/19/2 638/21/2
f 641/22/2 640/20/2 642/16/2
f 646/23/2 672/25/2 673/24/2
f 673/24/2 672/25/2 671/26/2
f 673/24/2 671/26/2 670/27/2
f 673/24/2 670/27/2 669/28/2
f 673/24/2 669/28/2 668/29/2
f 673/24/2 668/29/2 667/30/2
f 673/24/2 667/30/2 666/31/2
f 673/24/2 666/31/2 674/32/2
f 674/32/2 666/31/2 675/33/2
f 675/33/2 666/31/2 665/34/2
f 646/23/2 673/24/2 699/35/2
f 676/36/2 675/33/2 665/34/2
f 677/37/2 676/36/2 665/34/2
f 678/38/2 677/37/2 665/34/2
f 678/38/2 665/34/2 664/39/2
f 679/40/2 678/38/2 664/39/2
f 680/41/2 679/40/2 664/39/2
f 680/41/2 664/39/2 663/42/2
f 681/43/2 680/41/2 663/42/2
f 681/43/2 663/42/2 662/44/2
f 682/45/2 681/43/2 662/44/2
f 683/46/2 682/45/2 662/44/2
f 683/46/2 662/44/2 661/47/2
f 684/48/2 683/46/2 661/47/2
f 684/48/2 661/47/2 660/49/2
f 685/50/2 684/48/2 660/49/2
f 685/50/2 660/49/2 659/51/2
f 686/52/2 685/50/2 659/51/2
f 687/53/2 686/52/2 659/51/2
f 687/53/2 659/51/2 658/54/2
f 688/55/2 687/53/2 658/54/2
f 688/55/2 658/54/2 657/56/2
f 689/57/2 688/55/2 657/56/2
f 690/58/2 689/57/2 657/56/2
f 690/58/2 657/56/2 656/59/2
f 691/60/2 690/58/2 656/59/2
f 691/60/2 656/59/2 655/61/2
f 692/62/2 691/60/2 655/61/2
f 693/63/2 692/62/2 655/61/2
f 693/63/2 655/61/2 654/64/2
f 694/65/2 693/63/2 654/64/2
f 694/65/2 654/64/2 653/66/2
f 695/67/2 694/65/2 653/66/2
f 696/68/2 695/67/2 653/66/2
f 696/68/2 653/66/2 652/69/2
f 697/70/2 696/68/2 652/69/2
f 698/71/2 697/70/2 652/69/2
f 646/23/2 699/35/2 698/71/2
f 646/23/2 698/71/2 652/69/2
f 646/23/2 652/69/2 651/72/2
f 646/23/2 651/72/2 650/73/2
f 646/23/2 650/73/2 649/74/2
f 646/23/2 649/74/2 648/75/2
f 646/23/2 648/75/2 647/76/2
f 713/77/2 712/79/2 711/78/2
f 713/77/2 711/78/2 710/80/2
f 714/81/2 713/77/2 710/80/2
f 714/81/2 710/80/2 709/82/2
f 715/83/2 714/81/2 709/82/2
f 715/83/2 709/82/2 708/84/2
f 716/85/2 715/83/2 708/84/2
f 717/86/2 716/85/2 708/84/2
f 717/86/2 708/84/2 707/87/2
f 718/88/2 717/86/2 707/87/2
f 718/88/2 707/87/2 784/89/2
f 784/89/2 707/87/2 706/90/2
f 718/88/2 784/89/2 783/91/2
f 785/92/2 784/89/2 706/90/2
f 718/88/2 783/91/2 782/93/2
f 786/94/2 785/92/2 706/90/2
f 719/95/2 718/88/2 782/93/2
f 786/94/2 706/90/2 705/96/2
f 719/95/2 782/93/2 781/97/2
f 787/98/2 786/94/2 705/96/2
f 719/95/2 781/97/2 780/99/2
f 788/100/2 787/98/2 705/96/2
f 719/95/2 780/99/2 779/101/2
f 789/102/2 788/100/2 705/96/2
f 720/103/2 719/95/2 779/101/2
f 789/102/2 705/96/2 704/104/2
f 720/103/2 779/101/2 778/105/2
f 790/106/2 789/102/2 704/104/2
f 720/103/2 778/105/2 777/107/2
f 791/108/2 790/106/2 704/104/2
f 721/109/2 720/103/2 777/107/2
f 791/108/2 704/104/2 703/110/2
f 721/109/2 777/107/2 776/111/2
f 792/112/2 791/108/2 703/110/2
f 722/113/2 721/109/2 776/111/2
f 792/112/2 703/110/2 702/114/2
f 722/113/2 776/111/2 775/115/2
f 793/116/2 792/112/2 702/114/2
f 722/113/2 775/115/2 774/117/2
f 794/118/2 793/116/2 702/114/2
f 723/119/2 722/113/2 774/117/2
f 794/118/2 702/114/2 701/120/2
f 723/119/2 774/117/2 773/121/2
f 795/122/2 794/118/2 701/120/2
f 724/123/2 723/119/2 773/121/2
f 795/122/2 701/120/2 700/124/2
f 724/123/2 773/121/2 772/125/2
f 748/126/2 795/122/2 700/124/2
f 725/127/2 724/123/2 772/125/2
f 725/127/2 772/125/2 771/128/2
f 749/129/2 748/126/2 700/124/2
f 749/129/2 700/124/2 747/130/2
f 725/127/2 771/128/2 770/131/2
f 750/132/2 749/129/2 747/130/2
f 726/133/2 725/127/2 770/131/2
f 750/132/2 747/130/2 746/134/2
f 726/133/2 770/131/2 769/135/2
f 751/136/2 750/132/2 746/134/2
f 727/137/2 726/133/2 769/135/2
f 751/136/2 746/134/2 745/138/2
f 752/139/2 751/136/2 745/138/2
f 727/137/2 769/135/2 768/140/2
f 753/141/2 752/139/2 745/138/2
f 727/137/2 768/140/2 767/142/2
f 728/143/2 727/137/2 767/142/2
f 753/141/2 745/138/2 744/144/2
f 754/145/2 753/141/2 744/144/2
f 728/143/2 767/142/2 766/146/2
f 729/147/2 728/143/2 766/146/2
f 754/145/2 744/144/2 743/148/2
f 755/149/2 754/145/2 743/148/2
f 729/147/2 766/146/2 765/150/2
f 756/151/2 755/149/2 743/148/2
f 729/147/2 765/150/2 764/152/2
f 730/153/2 729/147/2 764/152/2
f 756/151/2 743/148/2 742/154/2
f 757/155/2 756/151/2 742/154/2
f 730/153/2 764/152/2 763/156/2
f 758/157/2 757/155/2 742/154/2
f 730/153/2 763/156/2 762/158/2
f 759/159/2 758/157/2 742/154/2
f 730/153/2 762/158/2 761/160/2
f 731/161/2 730/153/2 761/160/2
f 759/159/2 742/154/2 741/162/2
f 760/163/2 759/159/2 741/162/2
f 731/161/2 761/160/2 760/163/2
f 731/161/2 760/163/2 741/162/2
f 732/164/2 731/161/2 741/162/2
f 732/164/2 741/162/2 740/165/2
f 733/166/2 732/164/2 740/165/2
f 733/166/2 740/165/2 739/167/2
f 734/168/2 733/166/2 739/167/2
f 734/168/2 739/167/2 738/169/2
f 735/170/2 734/168/2 738/169/2
f 735/170/2 738/169/2 737/171/2
f 736/172/2 735/170/2 737/171/2
f 822/173/2 821/175/2 820/174/2
f 823/176/2 822/173/2 820/174/2
f 824/177/2 823/176/2 820/174/2
f 824/177/2 820/174/2 819/178/2
f 825/179/2 824/177/2 819/178/2
f 825/179/2 819/178/2 818/180/2
f 826/181/2 825/179/2 818/180/2
f 827/182/2 826/181/2 818/180/2
f 827/182/2 818/180/2 817/183/2
f 828/184/2 827/182/2 817/183/2
f 829/185/2 828/184/2 817/183/2
f 829/185/2 817/183/2 816/186/2
f 830/187/2 829/185/2 816/186/2
f 831/188/2 830/187/2 816/186/2
f 831/188/2 816/186/2 815/189/2
f 832/190/2 831/188/2 815/189/2
f 833/191/2 832/190/2 815/189/2
f 833/191/2 815/189/2 814/192/2
f 834/193/2 833/191/2 835/194/2
f 835/194/2 833/191/2 836/195/2
f 836/195/2 833/191/2 837/196/2
f 837/196/2 833/191/2 838/197/2
f 838/197/2 833/191/2 839/198/2
f 839/198/2 833/191/2 840/199/2
f 840/199/2 833/191/2 841/200/2
f 841/200/2 833/191/2 842/201/2
f 842/201/2 833/191/2 843/202/2
f 843/202/2 833/191/2 844/203/2
f 844/203/2 833/191/2 845/204/2
f 845/204/2 833/191/2 814/192/2
f 845/204/2 814/192/2 846/205/2
f 846/205/2 814/192/2 813/206/2
f 847/207/2 846/205/2 813/206/2
f 848/208/2 847/207/2 813/206/2
f 849/209/2 848/208/2 813/206/2
f 849/209/2 813/206/2 812/210/2
f 850/211/2 849/209/2 812/210/2
f 851/212/2 850/211/2 812/210/2
f 852/213/2 851/212/2 812/210/2
f 852/213/2 812/210/2 811/214/2
f 853/215/2 852/213/2 811/214/2
f 854/216/2 853/215/2 811/214/2
f 854/216/2 811/214/2 810/217/2
f 855/218/2 854/216/2 810/217/2
f 856/219/2 855/218/2 810/217/2
f 856/219/2 810/217/2 809/220/2
f 857/221/2 856/219/2 809/220/2
f 858/222/2 857/221/2 809/220/2
f 858/222/2 809/220/2 808/223/2
f 859/224/2 858/222/2 808/223/2
f 860/225/2 859/224/2 808/223/2
f 860/225/2 808/223/2 807/226/2
f 861/227/2 860/225/2 807/226/2
f 862/228/2 861/227/2 807/226/2
f 862/228/2 807/226/2 806/229/2
f 863/230/2 862/228/2 806/229/2
f 864/231/2 863/230/2 806/229/2
f 864/231/2 806/229/2 805/232/2
f 865/233/2 864/231/2 805/232/2
f 866/234/2 865/233/2 805/232/2
f 867/235/2 866/234/2 805/232/2
f 867/235/2 805/232/2 804/236/2
f 868/237/2 867/235/2 804/236/2
f 869/238/2 868/237/2 804/236/2
f 869/238/2 804/236/2 803/239/2
f 870/240/2 869/238/2 803/239/2
f 871/241/2 870/240/2 803/239/2
f 871/241/2 803/239/2 802/242/2
f 872/243/2 871/241/2 802/242/2
f 872/243/2 802/242/2 801/244/2
f 873/245/2 872/243/2 801/244/2
f 873/245/2 801/244/2 800/246/2
f 874/247/2 873/245/2 800/246/2
f 875/248/2 874/247/2 800/246/2
f 875/248/2 800/246/2 799/249/2
f 876/250/2 875/248/2 799/249/2
f 876/250/2 799/249/2 798/251/2
f 877/252/2 876/250/2 798/251/2
f 877/252/2 798/251/2 797/253/2
f 878/254/2 877/252/2 797/253/2
f 879/255/2 878/254/2 797/253/2
f 879/255/2 797/253/2 796/256/2
f 879/255/2 796/256/2 884/257/2
f 880/258/2 879/255/2 884/257/2
f 881/259/2 880/258/2 884/257/2
f 882/260/2 881/259/2 884/257/2
f 883/261/2 882/260/2 884/257/2
f 898/262/2 897/264/2 896/263/2
f 898/262/2 896/263/2 895/265/2
f 899/266/2 898/262/2 895/265/2
f 899/266/2 895/265/2 894/267/2
f 900/268/2 899/266/2 894/267/2
f 900/268/2 894/267/2 893/269/2
f 901/270/2 900/268/2 893/269/2
f 902/271/2 901/270/2 893/269/2
f 902/271/2 893/269/2 892/272/2
f 903/273/2 902/271/2 892/272/2
f 903/273/2 892/272/2 969/274/2
f 969/274/2 892/272/2 891/275/2
f 903/273/2 969/274/2 968/276/2
f 970/277/2 969/274/2 891/275/2
f 903/273/2 968/276/2 967/278/2
f 971/279/2 970/277/2 891/275/2
f 904/280/2 903/273/2 967/278/2
f 971/279/2 891/275/2 890/281/2
f 904/280/2 967/278/2 966/282/2
f 972/283/2 971/279/2 890/281/2
f 904/280/2 966/282/2 965/284/2
f 973/285/2 972/283/2 890/281/2
f 904/280/2 965/284/2 964/286/2
f 974/287/2 973/285/2 890/281/2
f 905/288/2 904/280/2 964/286/2
f 974/287/2 890/281/2 889/289/2
f 905/288/2 964/286/2 963/290/2
f 975/291/2 974/287/2 889/289/2
f 905/288/2 963/290/2 962/292/2
f 976/293/2 975/291/2 889/289/2
f 906/294/2 905/288/2 962/292/2
f 976/293/2 889/289/2 888/295/2
f 906/294/2 962/292/2 961/296/2
f 977/297/2 976/293/2 888/295/2
f 907/298/2 906/294/2 961/296/2
f 977/297/2 888/295/2 887/299/2
f 907/298/2 961/296/2 960/300/2
f 978/301/2 977/297/2 887/299/2
f 907/298/2 960/300/2 959/302/2
f 979/303/2 978/301/2 887/299/2
f 908/304/2 907/298/2 959/302/2
f 979/303/2 887/299/2 886/305/2
f 908/304/2 959/302/2 958/306/2
f 980/307/2 979/303/2 886/305/2
f 909/308/2 908/304/2 958/306/2
f 980/307/2 886/305/2 885/309/2
f 909/308/2 958/306/2 957/310/2
f 933/311/2 980/307/2 885/309/2
f 910/312/2 909/308/2 957/310/2
f 910/312/2 957/310/2 956/313/2
f 934/314/2 933/311/2 885/309/2
f 934/314/2 885/309/2 932/315/2
f 910/312/2 956/313/2 955/316/2
f 935/317/2 934/314/2 932/315/2
f 911/318/2 910/312/2 955/316/2
f 935/317/2 932/315/2 931/319/2
f 911/318/2 955/316/2 954/320/2
f 936/321/2 935/317/2 931/319/2
f 912/322/2 911/318/2 954/320/2
f 936/321/2 931/319/2 930/323/2
f 937/324/2 936/321/2 930/323/2
f 912/322/2 954/320/2 953/325/2
f 938/326/2 937/324/2 930/323/2
f 912/322/2 953/325/2 952/327/2
f 913/328/2 912/322/2 952/327/2
f 938/326/2 930/323/2 929/329/2
f 939/330/2 938/326/2 929/329/2
f 913/328/2 952/327/2 951/331/2
f 914/332/2 913/328/2 951/331/2
f 939/330/2 929/329/2 928/333/2
f 940/334/2 939/330/2 928/333/2
f 914/332/2 951/331/2 950/335/2
f 941/336/2 940/334/2 928/333/2
f 914/332/2 950/335/2 949/337/2
f 915/338/2 914/332/2 949/337/2
f 941/336/2 928/333/2 927/339/2
f 942/340/2 941/336/2 927/339/2
f 915/338/2 949/337/2 948/341/2
f 943/342/2 942/340/2 927/339/2
f 915/338/2 948/341/2 947/343/2
f 944/344/2 943/342/2 927/339/2
f 915/338/2 947/343/2 946/345/2
f 916/346/2 915/338/2 946/345/2
f 944/344/2 927/339/2 926/347/2
f 945/348/2 944/344/2 926/347/2
f 916/346/2 946/345/2 945/348/2
f 916/346/2 945/348/2 926/347/2
f 917/349/2 916/346/2 926/347/2
f 917/349/2 926/347/2 925/350/2
f 918/351/2 917/349/2 925/350/2
f 918/351/2 925/350/2 924/352/2
f 919/353/2 918/351/2 924/352/2
f 919/353/2 924/352/2 923/354/2
f 920/355/2 919/353/2 923/354/2
f 920/355/2 923/354/2 922/356/2
f 921/357/2 920/355/2 922/356/2
f 516/358/2 515/360/2 514/359/2
f 517/361/2 516/358/2 514/359/2
f 517/361/2 514/359/2 513/362/2
f 518/363/2 517/361/2 513/362/2
f 518/363/2 513/362/2 512/364/2
f 519/365/2 518/363/2 512/364/2
f 519/365/2 512/364/2 511/366/2
f 520/367/2 519/365/2 511/366/2
f 520/367/2 511/366/2 510/368/2
f 521/369/2 520/367/2 510/368/2
f 521/369/2 510/368/2 509/370/2
f 522/371/2 521/369/2 509/370/2
f 522/371/2 509/370/2 508/372/2
f 523/373/2 522/371/2 575/374/2
f 575/374/2 522/371/2 576/375/2
f 576/375/2 522/371/2 508/372/2
f 577/376/2 576/375/2 508/372/2
f 523/373/2 575/374/2 574/377/2
f 578/378/2 577/376/2 508/372/2
f 578/378/2 508/372/2 507/379/2
f 523/373/2 574/377/2 573/380/2
f 579/381/2 578/378/2 507/379/2
f 523/373/2 573/380/2 572/382/2
f 580/383/2 579/381/2 507/379/2
f 524/384/2 523/373/2 572/382/2
f 524/384/2 572/382/2 571/385/2
f 581/386/2 580/383/2 507/379/2
f 524/384/2 571/385/2 570/387/2
f 582/388/2 581/386/2 507/379/2
f 582/388/2 507/379/2 506/389/2
f 524/384/2 570/387/2 569/390/2
f 525/391/2 524/384/2 569/390/2
f 583/392/2 582/388/2 506/389/2
f 525/391/2 569/390/2 568/393/2
f 584/394/2 583/392/2 506/389/2
f 525/391/2 568/393/2 567/395/2
f 584/394/2 506/389/2 505/396/2
f 526/397/2 525/391/2 567/395/2
f 585/398/2 584/394/2 505/396/2
f 526/397/2 567/395/2 566/399/2
f 586/400/2 585/398/2 505/396/2
f 526/397/2 566/399/2 565/401/2
f 527/402/2 526/397/2 565/401/2
f 586/400/2 505/396/2 504/403/2
f 587/404/2 586/400/2 504/403/2
f 527/402/2 565/401/2 564/405/2
f 588/406/2 587/404/2 504/403/2
f 527/402/2 564/405/2 623/407/2
f 528/408/2 527/402/2 623/407/2
f 588/406/2 504/403/2 503/409/2
f 528/408/2 623/407/2 622/410/2
f 589/411/2 588/406/2 503/409/2
f 590/412/2 589/411/2 503/409/2
f 591/413/2 590/412/2 503/409/2
f 592/414/2 591/413/2 503/409/2
f 529/415/2 528/408/2 622/410/2
f 529/415/2 622/410/2 621/416/2
f 593/417/2 592/414/2 503/409/2
f 594/418/2 593/417/2 503/409/2
f 595/419/2 594/418/2 503/409/2
f 529/415/2 621/416/2 620/420/2
f 596/421/2 595/419/2 503/409/2
f 596/421/2 503/409/2 502/422/2
f 597/423/2 596/421/2 502/422/2
f 598/424/2 597/423/2 502/422/2
f 529/415/2 620/420/2 619/425/2
f 530/426/2 529/415/2 619/425/2
f 599/427/2 598/424/2 502/422/2
f 600/428/2 599/427/2 502/422/2
f 530/426/2 619/425/2 618/429/2
f 601/430/2 600/428/2 502/422/2
f 530/426/2 618/429/2 617/431/2
f 602/432/2 601/430/2 502/422/2
f 531/433/2 530/426/2 617/431/2
f 603/434/2 602/432/2 502/422/2
f 531/433/2 617/431/2 616/435/2
f 604/436/2 603/434/2 502/422/2
f 604/436/2 502/422/2 501/437/2
f 605/438/2 604/436/2 501/437/2
f 531/433/2 616/435/2 615/439/2
f 606/440/2 605/438/2 501/437/2
f 607/441/2 606/440/2 501/437/2
f 531/433/2 615/439/2 614/442/2
f 608/443/2 607/441/2 501/437/2
f 532/444/2 531/433/2 614/442/2
f 532/444/2 614/442/2 613/445/2
f 609/446/2 608/443/2 501/437/2
f 610/447/2 609/446/2 501/437/2
f 532/444/2 613/445/2 612/448/2
f 611/449/2 610/447/2 501/437/2
f 612/448/2 611/449/2 501/437/2
f 532/444/2 612/448/2 501/437/2
f 533/450/2 532/444/2 501/437/2
f 533/450/2 501/437/2 500/451/2
f 534/452/2 533/450/2 500/451/2
f 535/453/2 534/452/2 551/454/2
f 551/454/2 534/452/2 500/451/2
f 535/453/2 551/454/2 550/455/2
f 552/456/2 551/454/2 500/451/2
f 536/457/2 535/453/2 550/455/2
f 552/456/2 500/451/2 499/458/2
f 536/457/2 550/455/2 549/459/2
f 536/457/2 549/459/2 548/460/2
f 536/457/2 548/460/2 547/461/2
f 537/462/2 536/457/2 547/461/2
f 537/462/2 547/461/2 546/463/2
f 537/462/2 546/463/2 545/464/2
f 537/462/2 545/464/2 544/465/2
f 553/466/2 552/456/2 499/458/2
f 538/467/2 537/462/2 544/465/2
f 538/467/2 544/465/2 543/468/2
f 538/467/2 543/468/2 542/469/2
f 538/467/2 542/469/2 541/470/2
f 539/471/2 538/467/2 541/470/2
f 539/471/2 541/470/2 540/472/2
f 554/473/2 553/466/2 499/458/2
f 554/473/2 499/458/2 498/474/2
f 555/475/2 554/473/2 498/474/2
f 555/475/2 498/474/2 497/476/2
f 556/477/2 555/475/2 497/476/2
f 557/478/2 556/477/2 497/476/2
f 557/478/2 497/476/2 496/479/2
f 558/480/2 557/478/2 496/479/2
f 559/481/2 558/480/2 496/479/2
f 559/481/2 496/479/2 495/482/2
f 560/483/2 559/481/2 495/482/2
f 561/484/2 560/483/2 495/482/2
f 561/484/2 495/482/2 494/485/2
f 562/486/2 561/484/2 494/485/2
f 563/487/2 562/486/2 494/485/2
f 563/487/2 494/485/2 493/488/2
f 491/489/2 563/487/2 493/488/2
f 491/489/2 493/488/2 492/490/2
f 109/427/3 599/427/3 600/428/3 110/428/3
f 319/220/4 809/220/4 810/217/4 320/217/4
f 284/117/5 774/117/5 775/115/5 285/115/5
f 145/13/6 635/13/6 636/14/6 146/14/6
f 463/325/7 953/325/7 954/320/7 464/320/7
f 366/219/8 856/219/8 857/221/8 367/221/8
f 303/116/9 793/116/9 794/118/9 304/118/9
f 447/324/10 937/324/10 938/326/10 448/326/10
f 128/429/11 618/429/11 619/425/11 129/425/11
f 367/221/12 857/221/12 858/222/12 368/222/12
f 232/113/13 722/113/13 723/119/13 233/119/13
f 110/428/14 600/428/14 601/430/14 111/430/14
f 152/16/15 642/16/15 635/13/15 145/13/15
f 462/327/16 952/327/16 953/325/16 463/325/16
f 422/322/17 912/322/17 913/328/17 423/328/17
f 318/223/18 808/223/18 809/220/18 319/220/18
f 211/120/19 701/120/19 702/114/19 212/114/19
f 155/17/20 645/17/20 643/15/20 153/15/20
f 127/431/21 617/431/21 618/429/21 128/429/21
f 368/222/22 858/222/22 859/224/22 369/224/22
f 153/15/23 643/15/23 644/18/23 154/18/23
f 111/430/24 601/430/24 602/432/24 112/432/24
f 283/121/25 773/121/25 774/117/25 284/117/25
f 439/329/26 929/329/26 930/323/26 440/323/26
f 369/224/27 859/224/27 860/225/27 370/225/27
f 304/118/28 794/118/28 795/122/28 305/122/28
f 40/426/29 530/426/29 531/433/29 41/433/29
f 448/326/30 938/326/30 939/330/30 449/330/30
f 233/119/31 723/119/31 724/123/31 234/123/31
f 112/432/32 602/432/32 603/434/32 113/434/32
f 317/226/33 807/226/33 808/223/33 318/223/33
f 154/18/6 644/18/6 645/17/6 155/17/6
f 461/331/34 951/331/34 952/327/34 462/327/34
f 370/225/35 860/225/35 861/227/35 371/227/35
f 149/19/36 639/19/36 640/20/36 150/20/36
f 423/328/37 913/328/37 914/332/37 424/332/37
f 210/124/38 700/124/38 701/120/38 211/120/38
f 126/435/39 616/435/39 617/431/39 127/431/39
f 371/227/40 861/227/40 862/228/40 372/228/40
f 113/434/41 603/434/41 604/436/41 114/436/41
f 282/125/42 772/125/42 773/121/42 283/121/42
f 147/12/36 637/12/36 638/21/36 148/21/36
f 438/333/43 928/333/43 929/329/43 439/329/43
f 305/122/44 795/122/44 748/126/44 258/126/44
f 148/21/45 638/21/45 639/19/45 149/19/45
f 449/330/46 939/330/46 940/334/46 450/334/46
f 316/229/47 806/229/47 807/226/47 317/226/47
f 150/20/48 640/20/48 641/22/48 151/22/48
f 11/437/49 501/437/49 502/422/49 12/422/49
f 372/228/50 862/228/50 863/230/50 373/230/50
f 234/123/51 724/123/51 725/127/51 235/127/51
f 151/22/36 641/22/36 642/16/36 152/16/36
f 114/436/52 604/436/52 605/438/52 115/438/52
f 182/25/53 672/25/53 646/23/53 156/23/53
f 460/335/54 950/335/54 951/331/54 461/331/54
f 373/230/55 863/230/55 864/231/55 374/231/55
f 450/334/56 940/334/56 941/336/56 451/336/56
f 281/128/57 771/128/57 772/125/57 282/125/57
f 125/439/58 615/439/58 616/435/58 126/435/58
f 258/126/59 748/126/59 749/129/59 259/129/59
f 115/438/60 605/438/60 606/440/60 116/440/60
f 315/232/61 805/232/61 806/229/61 316/229/61
f 181/26/6 671/26/6 672/25/6 182/25/6
f 459/337/62 949/337/62 950/335/62 460/335/62
f 374/231/63 864/231/63 865/233/63 375/233/63
f 116/440/64 606/440/64 607/441/64 117/441/64
f 424/332/65 914/332/65 915/338/65 425/338/65
f 257/130/66 747/130/66 700/124/66 210/124/66
f 180/27/67 670/27/67 671/26/67 181/26/67
f 375/233/68 865/233/68 866/234/68 376/234/68
f 280/131/69 770/131/69 771/128/69 281/128/69
f 179/28/70 669/28/70 670/27/70 180/27/70
f 124/442/71 614/442/71 615/439/71 125/439/71
f 437/339/72 927/339/72 928/333/72 438/333/72
f 376/234/73 866/234/73 867/235/73 377/235/73
f 259/129/74 749/129/74 750/132/74 260/132/74
f 117/441/75 607/441/75 608/443/75 118/443/75
f 451/336/76 941/336/76 942/340/76 452/340/76
f 178/29/77 668/29/77 669/28/77 179/28/77
f 235/127/78 725/127/78 726/133/78 236/133/78
f 41/433/79 531/433/79 532/444/79 42/444/79
f 314/236/80 804/236/80 805/232/80 315/232/80
f 177/30/81 667/30/81 668/29/81 178/29/81
f 458/341/82 948/341/82 949/337/82 459/337/82
f 377/235/83 867/235/83 868/237/83 378/237/83
f 452/340/84 942/340/84 943/342/84 453/342/84
f 256/134/85 746/134/85 747/130/85 257/130/85
f 176/31/86 666/31/86 667/30/86 177/30/86
f 123/445/87 613/445/87 614/442/87 124/442/87
f 378/237/88 868/237/88 869/238/88 379/238/88
f 183/24/36 673/24/36 674/32/36 184/32/36
f 118/443/89 608/443/89 609/446/89 119/446/89
f 279/135/90 769/135/90 770/131/90 280/131/90
f 457/343/91 947/343/91 948/341/91 458/341/91
f 260/132/92 750/132/92 751/136/92 261/136/92
f 184/32/93 674/32/93 675/33/93 185/33/93
f 119/446/94 609/446/94 610/447/94 120/447/94
f 453/342/95 943/342/95 944/344/95 454/344/95
f 313/239/96 803/239/96 804/236/96 314/236/96
f 379/238/97 869/238/97 870/240/97 380/240/97
f 236/133/98 726/133/98 727/137/98 237/137/98
f 175/34/99 665/34/99 666/31/99 176/31/99
f 122/448/100 612/448/100 613/445/100 123/445/100
f 456/345/101 946/345/101 947/343/101 457/343/101
f 380/240/102 870/240/102 871/241/102 381/241/102
f 120/447/103 610/447/103 611/449/103 121/449/103
f 425/338/104 915/338/104 916/346/104 426/346/104
f 255/138/105 745/138/105 746/134/105 256/134/105
f 209/35/106 699/35/106 673/24/106 183/24/106
f 261/136/107 751/136/107 752/139/107 262/139/107
f 185/33/108 675/33/108 676/36/108 186/36/108
f 121/449/109 611/449/109 612/448/109 122/448/109
f 312/242/110 802/242/110 803/239/110 313/239/110
f 436/347/111 926/347/111 927/339/111 437/339/111
f 381/241/112 871/241/112 872/243/112 382/243/112
f 186/36/113 676/36/113 677/37/113 187/37/113
f 454/344/114 944/344/114 945/348/114 455/348/114
f 278/140/7 768/140/7 769/135/7 279/135/7
f 42/444/115 532/444/115 533/450/115 43/450/115
f 262/139/10 752/139/10 753/141/10 263/141/10
f 187/37/116 677/37/116 678/38/116 188/38/116
f 311/244/117 801/244/117 802/242/117 312/242/117
f 455/348/118 945/348/118 946/345/118 456/345/118
f 382/243/119 872/243/119 873/245/119 383/245/119
f 10/451/120 500/451/120 501/437/120 11/437/120
f 277/142/16 767/142/16 768/140/16 278/140/16
f 174/39/121 664/39/121 665/34/121 175/34/121
f 43/450/122 533/450/122 534/452/122 44/452/122
f 426/346/123 916/346/123 917/349/123 427/349/123
f 237/137/17 727/137/17 728/143/17 238/143/17
f 188/38/124 678/38/124 679/40/124 189/40/124
f 310/246/125 800/246/125 801/244/125 311/244/125
f 44/452/126 534/452/126 535/453/126 45/453/126
f 383/245/127 873/245/127 874/247/127 384/247/127
f 189/40/128 679/40/128 680/41/128 190/41/128
f 435/350/129 925/350/129 926/347/129 436/347/129
f 254/144/26 744/144/26 745/138/26 255/138/26
f 427/349/130 917/349/130 918/351/130 428/351/130
f 384/247/131 874/247/131 875/248/131 385/248/131
f 263/141/30 753/141/30 754/145/30 264/145/30
f 173/42/132 663/42/132 664/39/132 174/39/132
f 190/41/133 680/41/133 681/43/133 191/43/133
f 60/455/134 550/455/134 551/454/134 61/454/134
f 434/352/135 924/352/135 925/350/135 435/350/135
f 309/249/136 799/249/136 800/246/136 310/246/136
f 276/146/34 766/146/34 767/142/34 277/142/34
f 61/454/137 551/454/137 552/456/137 62/456/137
f 428/351/138 918/351/138 919/353/138 429/353/138
f 385/248/139 875/248/139 876/250/139 386/250/139
f 238/143/37 728/143/37 729/147/37 239/147/37
f 172/44/140 662/44/140 663/42/140 173/42/140
f 45/453/141 535/453/141 536/457/141 46/457/141
f 191/43/142 681/43/142 682/45/142 192/45/142
f 433/354/143 923/354/143 924/352/143 434/352/143
f 308/251/144 798/251/144 799/249/144 309/249/144
f 253/148/43 743/148/43 744/144/43 254/144/43
f 429/353/145 919/353/145 920/355/145 430/355/145
f 386/250/146 876/250/146 877/252/146 387/252/146
f 264/145/46 754/145/46 755/149/46 265/149/46
f 192/45/147 682/45/147 683/46/147 193/46/147
f 9/458/148 499/458/148 500/451/148 10/451/148
f 59/459/149 549/459/149 550/455/149 60/455/149
f 432/356/150 922/356/150 923/354/150 433/354/150
f 307/253/151 797/253/151 798/251/151 308/251/151
f 275/150/54 765/150/54 766/146/54 276/146/54
f 171/47/152 661/47/152 662/44/152 172/44/152
f 430/355/153 920/355/153 921/357/153 431/357/153
f 387/252/154 877/252/154 878/254/154 388/254/154
f 265/149/56 755/149/56 756/151/56 266/151/56
f 193/46/155 683/46/155 684/48/155 194/48/155
f 58/460/156 548/460/156 549/459/156 59/459/156
f 431/357/157 921/357/157 922/356/157 432/356/157
f 25/360/158 515/360/158 516/358/158 26/358/158
f 388/254/159 878/254/159 879/255/159 389/255/159
f 57/461/160 547/461/160 548/460/160 58/460/160
f 274/152/62 764/152/62 765/150/62 275/150/62
f 170/49/161 660/49/161 661/47/161 171/47/161
f 46/457/162 536/457/162 537/462/162 47/462/162
f 24/359/163 514/359/163 515/360/163 25/360/163
f 239/147/65 729/147/65 730/153/65 240/153/65
f 194/48/164 684/48/164 685/50/164 195/50/164
f 26/358/165 516/358/165 517/361/165 27/361/165
f 306/256/6 796/256/6 797/253/6 307/253/6
f 56/463/166 546/463/166 547/461/166 57/461/166
f 394/257/106 884/257/106 796/256/106 306/256/106
f 252/154/72 742/154/72 743/148/72 253/148/72
f 169/51/167 659/51/167 660/49/167 170/49/167
f 23/362/168 513/362/168 514/359/168 24/359/168
f 389/255/169 879/255/169 880/258/169 390/258/169
f 266/151/76 756/151/76 757/155/76 267/155/76
f 195/50/170 685/50/170 686/52/170 196/52/170
f 55/464/171 545/464/171 546/463/171 56/463/171
f 27/361/172 517/361/172 518/363/172 28/363/172
f 390/258/173 880/258/173 881/259/173 391/259/173
f 196/52/174 686/52/174 687/53/174 197/53/174
f 54/465/175 544/465/175 545/464/175 55/464/175
f 273/156/82 763/156/82 764/152/82 274/152/82
f 62/456/176 552/456/176 553/466/176 63/466/176
f 22/364/177 512/364/177 513/362/177 23/362/177
f 391/259/178 881/259/178 882/260/178 392/260/178
f 267/155/84 757/155/84 758/157/84 268/157/84
f 28/363/179 518/363/179 519/365/179 29/365/179
f 168/54/180 658/54/180 659/51/180 169/51/180
f 47/462/181 537/462/181 538/467/181 48/467/181
f 392/260/53 882/260/53 883/261/53 393/261/53
f 197/53/182 687/53/182 688/55/182 198/55/182
f 393/261/36 883/261/36 884/257/36 394/257/36
f 272/158/91 762/158/91 763/156/91 273/156/91
f 21/366/183 511/366/183 512/364/183 22/364/183
f 407/264/184 897/264/184 898/262/184 408/262/184
f 268/157/95 758/157/95 759/159/95 269/159/95
f 53/468/185 543/468/185 544/465/185 54/465/185
f 29/365/186 519/365/186 520/367/186 30/367/186
f 167/56/187 657/56/187 658/54/187 168/54/187
f 406/263/188 896/263/188 897/264/188 407/264/188
f 198/55/189 688/55/189 689/57/189 199/57/189
f 52/469/190 542/469/190 543/468/190 53/468/190
f 271/160/101 761/160/101 762/158/101 272/158/101
f 20/368/191 510/368/191 511/366/191 21/366/191
f 405/265/192 895/265/192 896/263/192 406/263/192
f 240/153/104 730/153/104 731/161/104 241/161/104
f 199/57/193 689/57/193 690/58/193 200/58/193
f 51/470/194 541/470/194 542/469/194 52/469/194
f 30/367/195 520/367/195 521/369/195 31/369/195
f 408/262/196 898/262/196 899/266/196 409/266/196
f 48/467/197 538/467/197 539/471/197 49/471/197
f 251/162/111 741/162/111 742/154/111 252/154/111
f 166/59/198 656/59/198 657/56/198 167/56/198
f 49/471/199 539/471/199 540/472/199 50/472/199
f 19/370/200 509/370/200 510/368/200 20/368/200
f 404/267/201 894/267/201 895/265/201 405/265/201
f 269/159/114 759/159/114 760/163/114 270/163/114
f 200/58/202 690/58/202 691/60/202 201/60/202
f 50/472/203 540/472/203 541/470/203 51/470/203
f 31/369/204 521/369/204 522/371/204 32/371/204
f 409/266/205 899/266/205 900/268/205 410/268/205
f 63/466/206 553/466/206 554/473/206 64/473/206
f 270/163/118 760/163/118 761/160/118 271/160/118
f 165/61/207 655/61/207 656/59/207 166/59/207
f 18/372/208 508/372/208 509/370/208 19/370/208
f 403/269/209 893/269/209 894/267/209 404/267/209
f 201/60/210 691/60/210 692/62/210 202/62/210
f 8/474/211 498/474/211 499/458/211 9/458/211
f 32/371/212 522/371/212 523/373/212 33/373/212
f 410/268/213 900/268/213 901/270/213 411/270/213
f 241/161/123 731/161/123 732/164/123 242/164/123
f 64/473/214 554/473/214 555/475/214 65/475/214
f 202/62/215 692/62/215 693/63/215 203/63/215
f 411/270/216 901/270/216 902/271/216 412/271/216
f 85/374/217 575/374/217 576/375/217 86/375/217
f 250/165/129 740/165/129 741/162/129 251/162/129
f 7/476/218 497/476/218 498/474/218 8/474/218
f 242/164/130 732/164/130 733/166/130 243/166/130
f 164/64/219 654/64/219 655/61/219 165/61/219
f 65/475/220 555/475/220 556/477/220 66/477/220
f 402/272/221 892/272/221 893/269/221 403/269/221
f 203/63/222 693/63/222 694/65/222 204/65/222
f 86/375/223 576/375/223 577/376/223 87/376/223
f 412/271/224 902/271/224 903/273/224 413/273/224
f 66/477/56 556/477/56 557/478/56 67/478/56
f 249/167/135 739/167/135 740/165/135 250/165/135
f 243/166/138 733/166/138 734/168/138 244/168/138
f 163/66/225 653/66/225 654/64/225 164/64/225
f 84/377/226 574/377/226 575/374/226 85/374/226
f 204/65/227 694/65/227 695/67/227 205/67/227
f 6/479/228 496/479/228 497/476/228 7/476/228
f 87/376/229 577/376/229 578/378/229 88/378/229
f 67/478/230 557/478/230 558/480/230 68/480/230
f 401/275/231 891/275/231 892/272/231 402/272/231
f 248/169/143 738/169/143 739/167/143 249/167/143
f 205/67/232 695/67/232 696/68/232 206/68/232
f 244/168/145 734/168/145 735/170/145 245/170/145
f 68/480/233 558/480/233 559/481/233 69/481/233
f 17/379/234 507/379/234 508/372/234 18/372/234
f 478/276/235 968/276/235 969/274/235 479/274/235
f 479/274/236 969/274/236 970/277/236 480/277/236
f 162/69/237 652/69/237 653/66/237 163/66/237
f 83/380/238 573/380/238 574/377/238 84/377/238
f 247/171/150 737/171/150 738/169/150 248/169/150
f 206/68/239 696/68/239 697/70/239 207/70/239
f 5/482/240 495/482/240 496/479/240 6/479/240
f 88/378/241 578/378/241 579/381/241 89/381/241
f 245/170/153 735/170/153 736/172/153 246/172/153
f 69/481/242 559/481/242 560/483/242 70/483/242
f 477/278/243 967/278/243 968/276/243 478/276/243
f 246/172/157 736/172/157 737/171/157 247/171/157
f 207/70/244 697/70/244 698/71/244 208/71/244
f 480/277/245 970/277/245 971/279/245 481/279/245
f 331/175/246 821/175/246 822/173/246 332/173/246
f 70/483/247 560/483/247 561/484/247 71/484/247
f 82/382/248 572/382/248 573/380/248 83/380/248
f 89/381/249 579/381/249 580/383/249 90/383/249
f 413/273/250 903/273/250 904/280/250 414/280/250
f 330/174/251 820/174/251 821/175/251 331/175/251
f 208/71/6 698/71/6 699/35/6 209/35/6
f 332/173/252 822/173/252 823/176/252 333/176/252
f 4/485/253 494/485/253 495/482/253 5/482/253
f 33/373/254 523/373/254 524/384/254 34/384/254
f 71/484/255 561/484/255 562/486/255 72/486/255
f 400/281/256 890/281/256 891/275/256 401/275/256
f 333/176/257 823/176/257 824/177/257 334/177/257
f 161/72/258 651/72/258 652/69/258 162/69/258
f 72/486/259 562/486/259 563/487/259 73/487/259
f 81/385/260 571/385/260 572/382/260 82/382/260
f 476/282/261 966/282/261 967/278/261 477/278/261
f 160/73/262 650/73/262 651/72/262 161/72/262
f 90/383/263 580/383/263 581/386/263 91/386/263
f 481/279/264 971/279/264 972/283/264 482/283/264
f 329/178/265 819/178/265 820/174/265 330/174/265
f 334/177/266 824/177/266 825/179/266 335/179/266
f 159/74/267 649/74/267 650/73/267 160/73/267
f 3/488/268 493/488/268 494/485/268 4/485/268
f 73/487/269 563/487/269 491/489/269 1/489/269
f 80/387/270 570/387/270 571/385/270 81/385/270
f 475/284/271 965/284/271 966/282/271 476/282/271
f 158/75/272 648/75/272 649/74/272 159/74/272
f 91/386/273 581/386/273 582/388/273 92/388/273
f 482/283/274 972/283/274 973/285/274 483/285/274
f 328/180/275 818/180/275 819/178/275 329/178/275
f 156/23/36 646/23/36 647/76/36 157/76/36
f 1/489/276 491/489/276 492/490/276 2/490/276
f 335/179/277 825/179/277 826/181/277 336/181/277
f 157/76/278 647/76/278 648/75/278 158/75/278
f 2/490/279 492/490/279 493/488/279 3/488/279
f 222/79/184 712/79/184 713/77/184 223/77/184
f 16/389/280 506/389/280 507/379/280 17/379/280
f 474/286/281 964/286/281 965/284/281 475/284/281
f 336/181/282 826/181/282 827/182/282 337/182/282
f 483/285/283 973/285/283 974/287/283 484/287/283
f 221/78/188 711/78/188 712/79/188 222/79/188
f 79/390/284 569/390/284 570/387/284 80/387/284
f 34/384/285 524/384/285 525/391/285 35/391/285
f 414/280/286 904/280/286 905/288/286 415/288/286
f 327/183/287 817/183/287 818/180/287 328/180/287
f 220/80/192 710/80/192 711/78/192 221/78/192
f 337/182/288 827/182/288 828/184/288 338/184/288
f 223/77/196 713/77/196 714/81/196 224/81/196
f 92/388/289 582/388/289 583/392/289 93/392/289
f 399/289/290 889/289/290 890/281/290 400/281/290
f 338/184/291 828/184/291 829/185/291 339/185/291
f 219/82/201 709/82/201 710/80/201 220/80/201
f 78/393/292 568/393/292 569/390/292 79/390/292
f 473/290/293 963/290/293 964/286/293 474/286/293
f 224/81/205 714/81/205 715/83/205 225/83/205
f 93/392/294 583/392/294 584/394/294 94/394/294
f 484/287/295 974/287/295 975/291/295 485/291/295
f 326/186/296 816/186/296 817/183/296 327/183/296
f 339/185/297 829/185/297 830/187/297 340/187/297
f 218/84/209 708/84/209 709/82/209 219/82/209
f 77/395/298 567/395/298 568/393/298 78/393/298
f 472/292/299 962/292/299 963/290/299 473/290/299
f 340/187/300 830/187/300 831/188/300 341/188/300
f 225/83/213 715/83/213 716/85/213 226/85/213
f 485/291/301 975/291/301 976/293/301 486/293/301
f 15/396/302 505/396/302 506/389/302 16/389/302
f 226/85/216 716/85/216 717/86/216 227/86/216
f 35/391/303 525/391/303 526/397/303 36/397/303
f 415/288/304 905/288/304 906/294/304 416/294/304
f 325/189/305 815/189/305 816/186/305 326/186/305
f 341/188/306 831/188/306 832/190/306 342/190/306
f 94/394/307 584/394/307 585/398/307 95/398/307
f 217/87/221 707/87/221 708/84/221 218/84/221
f 398/295/308 888/295/308 889/289/308 399/289/308
f 342/190/309 832/190/309 833/191/309 343/191/309
f 227/86/224 717/86/224 718/88/224 228/88/224
f 76/399/310 566/399/310 567/395/310 77/395/310
f 471/296/311 961/296/311 962/292/311 472/292/311
f 95/398/312 585/398/312 586/400/312 96/400/312
f 486/293/313 976/293/313 977/297/313 487/297/313
f 324/192/314 814/192/314 815/189/314 325/189/314
f 343/191/53 833/191/53 834/193/53 344/193/53
f 416/294/315 906/294/315 907/298/315 417/298/315
f 344/193/316 834/193/316 835/194/316 345/194/316
f 216/90/231 706/90/231 707/87/231 217/87/231
f 75/401/317 565/401/317 566/399/317 76/399/317
f 36/397/318 526/397/318 527/402/318 37/402/318
f 345/194/319 835/194/319 836/195/319 346/195/319
f 293/91/235 783/91/235 784/89/235 294/89/235
f 397/299/320 887/299/320 888/295/320 398/295/320
f 294/89/236 784/89/236 785/92/236 295/92/236
f 346/195/321 836/195/321 837/196/321 347/196/321
f 14/403/322 504/403/322 505/396/322 15/396/322
f 470/300/323 960/300/323 961/296/323 471/296/323
f 96/400/324 586/400/324 587/404/324 97/404/324
f 487/297/325 977/297/325 978/301/325 488/301/325
f 347/196/326 837/196/326 838/197/326 348/197/326
f 292/93/243 782/93/243 783/91/243 293/91/243
f 295/92/245 785/92/245 786/94/245 296/94/245
f 348/197/327 838/197/327 839/198/327 349/198/327
f 74/405/328 564/405/328 565/401/328 75/401/328
f 469/302/5 959/302/5 960/300/5 470/300/5
f 228/88/250 718/88/250 719/95/250 229/95/250
f 97/404/329 587/404/329 588/406/329 98/406/329
f 488/301/9 978/301/9 979/303/9 489/303/9
f 349/198/330 839/198/330 840/199/330 350/199/330
f 417/298/13 907/298/13 908/304/13 418/304/13
f 350/199/331 840/199/331 841/200/331 351/200/331
f 215/96/256 705/96/256 706/90/256 216/90/256
f 133/407/332 623/407/332 564/405/332 74/405/332
f 37/402/333 527/402/333 528/408/333 38/408/333
f 351/200/334 841/200/334 842/201/334 352/201/334
f 291/97/261 781/97/261 782/93/261 292/93/261
f 396/305/19 886/305/19 887/299/19 397/299/19
f 296/94/264 786/94/264 787/98/264 297/98/264
f 352/201/335 842/201/335 843/202/335 353/202/335
f 13/409/336 503/409/336 504/403/336 14/403/336
f 468/306/25 958/306/25 959/302/25 469/302/25
f 489/303/28 979/303/28 980/307/28 490/307/28
f 353/202/337 843/202/337 844/203/337 354/203/337
f 290/99/271 780/99/271 781/97/271 291/97/271
f 132/410/338 622/410/338 623/407/338 133/407/338
f 297/98/274 787/98/274 788/100/274 298/100/274
f 98/406/339 588/406/339 589/411/339 99/411/339
f 418/304/31 908/304/31 909/308/31 419/308/31
f 354/203/340 844/203/340 845/204/340 355/204/340
f 99/411/341 589/411/341 590/412/341 100/412/341
f 289/101/281 779/101/281 780/99/281 290/99/281
f 395/309/38 885/309/38 886/305/38 396/305/38
f 355/204/342 845/204/342 846/205/342 356/205/342
f 298/100/283 788/100/283 789/102/283 299/102/283
f 100/412/343 590/412/343 591/413/343 101/413/343
f 467/310/42 957/310/42 958/306/42 468/306/42
f 229/95/286 719/95/286 720/103/286 230/103/286
f 101/413/344 591/413/344 592/414/344 102/414/344
f 490/307/44 980/307/44 933/311/44 443/311/44
f 323/206/345 813/206/345 814/192/345 324/192/345
f 356/205/346 846/205/346 847/207/346 357/207/346
f 38/408/347 528/408/347 529/415/347 39/415/347
f 419/308/51 909/308/51 910/312/51 420/312/51
f 214/104/290 704/104/290 705/96/290 215/96/290
f 357/207/348 847/207/348 848/208/348 358/208/348
f 288/105/293 778/105/293 779/101/293 289/101/293
f 131/416/349 621/416/349 622/410/349 132/410/349
f 466/313/57 956/313/57 957/310/57 467/310/57
f 358/208/350 848/208/350 849/209/350 359/209/350
f 299/102/295 789/102/295 790/106/295 300/106/295
f 102/414/351 592/414/351 593/417/351 103/417/351
f 443/311/59 933/311/59 934/314/59 444/314/59
f 139/3/53 629/3/53 630/1/53 140/1/53
f 103/417/352 593/417/352 594/418/352 104/418/352
f 322/210/353 812/210/353 813/206/353 323/206/353
f 287/107/299 777/107/299 778/105/299 288/105/299
f 442/315/66 932/315/66 885/309/66 395/309/66
f 359/209/354 849/209/354 850/211/354 360/211/354
f 300/106/301 790/106/301 791/108/301 301/108/301
f 138/2/6 628/2/6 629/3/6 139/3/6
f 104/418/355 594/418/355 595/419/355 105/419/355
f 465/316/69 955/316/69 956/313/69 466/313/69
f 360/211/356 850/211/356 851/212/356 361/212/356
f 230/103/304 720/103/304 721/109/304 231/109/304
f 137/4/106 627/4/106 628/2/106 138/2/106
f 444/314/74 934/314/74 935/317/74 445/317/74
f 136/6/357 626/6/357 627/4/357 137/4/357
f 130/420/358 620/420/358 621/416/358 131/416/358
f 361/212/359 851/212/359 852/213/359 362/213/359
f 105/419/360 595/419/360 596/421/360 106/421/360
f 420/312/78 910/312/78 911/318/78 421/318/78
f 213/110/308 703/110/308 704/104/308 214/104/308
f 135/5/6 625/5/6 626/6/6 136/6/6
f 321/214/361 811/214/361 812/210/361 322/210/361
f 286/111/311 776/111/311 777/107/311 287/107/311
f 134/7/362 624/7/362 625/5/362 135/5/362
f 12/422/363 502/422/363 503/409/363 13/409/363
f 441/319/85 931/319/85 932/315/85 442/315/85
f 362/213/364 852/213/364 853/215/364 363/215/364
f 301/108/313 791/108/313 792/112/313 302/112/313
f 106/421/365 596/421/365 597/423/365 107/423/365
f 464/320/90 954/320/90 955/316/90 465/316/90
f 363/215/366 853/215/366 854/216/366 364/216/366
f 231/109/315 721/109/315 722/113/315 232/113/315
f 107/423/367 597/423/367 598/424/367 108/424/367
f 445/317/92 935/317/92 936/321/92 446/321/92
f 144/9/368 634/9/368 624/7/368 134/7/368
f 421/318/98 911/318/98 912/322/98 422/322/98
f 320/217/369 810/217/369 811/214/369 321/214/369
f 212/114/320 702/114/320 703/110/320 213/110/320
f 140/1/36 630/1/36 631/10/36 141/10/36
f 129/425/370 619/425/370 620/420/370 130/420/370
f 364/216/371 854/216/371 855/218/371 365/218/371
f 141/10/106 631/10/106 632/8/106 142/8/106
f 39/415/372 529/415/372 530/426/372 40/426/372
f 285/115/323 775/115/323 776/111/323 286/111/323
f 142/8/373 632/8/373 633/11/373 143/11/373
f 440/323/105 930/323/105 931/319/105 441/319/105
f 365/218/374 855/218/374 856/219/374 366/219/374
f 302/112/325 792/112/325 793/116/325 303/116/325
f 143/11/36 633/11/36 634/9/36 144/9/36
f 108/424/375 598/424/375 599/427/375 109/427/375
f 446/321/107 936/321/107 937/324/107 447/324/107
f 146/14/376 636/14/376 637/12/376 147/12/376
