# Blender 4.5.4 LTS
# www.blender.org
mtllib sphere.mtl
o Cube
v 0.000000 0.975317 -0.172408
v 0.000000 0.917962 -0.370585
v 0.000000 0.702578 -0.684751
v 0.000000 0.380232 -0.894670
v 0.000000 0.193841 -0.949777
v 0.000000 -0.193841 -0.949777
v 0.000000 -0.552012 -0.805182
v 0.000000 -0.826144 -0.538005
v 0.000000 -0.917962 -0.370585
v 0.000000 -0.977661 -0.161325
v 0.065978 0.975317 -0.159284
v 0.141817 0.917962 -0.342376
v 0.205886 0.826144 -0.497052
v 0.262043 0.702578 -0.632627
v 0.308130 0.552012 -0.743891
v 0.342376 0.380232 -0.826568
v 0.363464 0.193841 -0.877479
v 0.370585 0.000000 -0.894670
v 0.363464 -0.193841 -0.877479
v 0.342376 -0.380232 -0.826568
v 0.308130 -0.552012 -0.743891
v 0.262043 -0.702578 -0.632627
v 0.205886 -0.826144 -0.497052
v 0.141817 -0.917962 -0.342376
v 0.061736 -0.977661 -0.149045
v 0.121911 0.975317 -0.121911
v 0.262043 0.917962 -0.262043
v 0.380427 0.826144 -0.380427
v 0.484192 0.702578 -0.484192
v 0.569350 0.552012 -0.569350
v 0.632627 0.380232 -0.632627
v 0.671594 0.193841 -0.671594
v 0.684751 0.000000 -0.684751
v 0.671594 -0.193841 -0.671594
v 0.632627 -0.380232 -0.632627
v 0.569350 -0.552012 -0.569350
v 0.484192 -0.702578 -0.484192
v 0.380427 -0.826144 -0.380427
v 0.262043 -0.917962 -0.262043
v 0.114074 -0.977661 -0.114074
v 0.159284 0.975317 -0.065978
v 0.342376 0.917962 -0.141817
v 0.497052 0.826144 -0.205886
v 0.632627 0.702578 -0.262043
v 0.743891 0.552012 -0.308130
v 0.826568 0.380232 -0.342375
v 0.877479 0.193841 -0.363464
v 0.894670 0.000000 -0.370584
v 0.877479 -0.193841 -0.363464
v 0.826568 -0.380232 -0.342375
v 0.743891 -0.552012 -0.308130
v 0.632627 -0.702578 -0.262043
v 0.497052 -0.826144 -0.205886
v 0.342376 -0.917962 -0.141817
v 0.149045 -0.977661 -0.061736
v 0.172408 0.975317 0.000000
v 0.370585 0.917962 0.000000
v 0.538005 0.826144 0.000000
v 0.684751 0.702578 0.000000
v 0.805182 0.552012 0.000000
v 0.894670 0.380232 0.000000
v 0.949777 0.193841 0.000000
v 0.968384 0.000000 0.000000
v 0.949777 -0.193841 0.000000
v 0.894670 -0.380232 0.000000
v 0.805182 -0.552012 0.000000
v 0.684751 -0.702578 0.000000
v 0.538005 -0.826144 0.000000
v 0.370585 -0.917962 0.000000
v 0.161325 -0.977661 0.000000
v 0.159284 0.975317 0.065978
v 0.342375 0.917962 0.141817
v 0.497052 0.826144 0.205886
v 0.632627 0.702578 0.262043
v 0.743891 0.552012 0.308130
v 0.826568 0.380232 0.342376
v 0.877479 0.193841 0.363464
v 0.894670 0.000000 0.370585
v 0.877479 -0.193841 0.363464
v 0.826568 -0.380232 0.342376
v 0.743891 -0.552012 0.308130
v 0.632627 -0.702578 0.262043
v 0.497052 -0.826144 0.205886
v 0.342375 -0.917962 0.141817
v 0.149045 -0.977661 0.061736
v 0.121911 0.975317 0.121911
v 0.262043 0.917962 0.262043
v 0.380427 0.826144 0.380427
v 0.484192 0.702578 0.484192
v 0.569350 0.552012 0.569350
v 0.632627 0.380232 0.632628
v 0.671594 0.193841 0.671594
v 0.684751 0.000000 0.684751
v 0.671593 -0.193841 0.671594
v 0.632627 -0.380232 0.632628
v 0.569350 -0.552012 0.569350
v 0.484192 -0.702578 0.484192
v 0.380427 -0.826144 0.380427
v 0.262043 -0.917962 0.262043
v 0.114074 -0.977661 0.114074
v 0.065978 0.975317 0.159284
v 0.141816 0.917962 0.342376
v 0.205886 0.826144 0.497052
v 0.262043 0.702578 0.632627
v 0.308130 0.552012 0.743891
v 0.342375 0.380232 0.826568
v 0.363464 0.193841 0.877480
v 0.370584 0.000000 0.894670
v 0.363464 -0.193841 0.877480
v 0.342375 -0.380232 0.826568
v 0.308130 -0.552012 0.743891
v 0.262043 -0.702578 0.632627
v 0.205886 -0.826144 0.497052
v 0.141816 -0.917962 0.342376
v 0.061736 -0.977661 0.149045
v -0.000000 0.975317 0.172408
v -0.000000 0.917962 0.370585
v -0.000000 0.826144 0.538005
v -0.000000 0.702578 0.684751
v -0.000000 0.552012 0.805182
v -0.000000 0.380232 0.894670
v -0.000000 0.193841 0.949777
v -0.000000 0.000000 0.968384
v -0.000000 -0.193841 0.949777
v -0.000000 -0.380232 0.894670
v -0.000000 -0.552012 0.805182
v -0.000000 -0.702578 0.684751
v -0.000000 -0.826144 0.538005
v -0.000000 -0.917962 0.370585
v -0.000000 -0.977661 0.161325
v -0.065978 0.975317 0.159284
v -0.141817 0.917962 0.342375
v -0.205886 0.826144 0.497052
v -0.262043 0.702578 0.632627
v -0.308130 0.552012 0.743891
v -0.342376 0.380232 0.826567
v -0.363464 0.193841 0.877479
v -0.370585 0.000000 0.894670
v -0.363464 -0.193841 0.877479
v -0.342376 -0.380232 0.826568
v -0.308130 -0.552012 0.743891
v -0.262043 -0.702578 0.632627
v -0.205886 -0.826144 0.497052
v -0.141817 -0.917962 0.342375
v -0.061736 -0.977661 0.149045
v 0.000000 -0.995729 -0.000000
v -0.121911 0.975317 0.121911
v -0.262043 0.917962 0.262043
v -0.380427 0.826144 0.380427
v -0.484192 0.702578 0.484192
v -0.569350 0.552012 0.569349
v -0.632628 0.380232 0.632627
v -0.671594 0.193841 0.671593
v -0.684751 0.000000 0.684751
v -0.671594 -0.193841 0.671593
v -0.632628 -0.380232 0.632627
v -0.569350 -0.552012 0.569349
v -0.484192 -0.702578 0.484192
v -0.380427 -0.826144 0.380427
v -0.262043 -0.917962 0.262043
v -0.114074 -0.977661 0.114074
v -0.159284 0.975317 0.065978
v -0.342376 0.917962 0.141816
v -0.497052 0.826144 0.205886
v -0.632627 0.702578 0.262043
v -0.743891 0.552012 0.308130
v -0.826568 0.380232 0.342375
v -0.877480 0.193841 0.363464
v -0.894670 0.000000 0.370584
v -0.877480 -0.193841 0.363464
v -0.826568 -0.380232 0.342375
v -0.743891 -0.552012 0.308130
v -0.632627 -0.702578 0.262043
v -0.497052 -0.826144 0.205886
v -0.342376 -0.917962 0.141816
v -0.149045 -0.977661 0.061736
v 0.000000 0.986526 -0.000000
v -0.172408 0.975317 -0.000000
v -0.370585 0.917962 -0.000000
v -0.538005 0.826144 -0.000000
v -0.684751 0.702578 -0.000000
v -0.805182 0.552012 -0.000000
v -0.894670 0.380232 -0.000000
v -0.949777 0.193841 -0.000000
v -0.968384 0.000000 -0.000000
v -0.949777 -0.193841 -0.000000
v -0.894670 -0.380232 -0.000000
v -0.805182 -0.552012 -0.000000
v -0.684751 -0.702578 -0.000000
v -0.538005 -0.826144 -0.000000
v -0.370585 -0.917962 -0.000000
v -0.161325 -0.977661 -0.000000
v -0.159284 0.975317 -0.065978
v -0.342375 0.917962 -0.141817
v -0.497052 0.826144 -0.205886
v -0.632627 0.702578 -0.262043
v -0.743891 0.552012 -0.308130
v -0.826567 0.380232 -0.342376
v -0.877479 0.193841 -0.363464
v -0.894670 0.000000 -0.370585
v -0.877479 -0.193841 -0.363464
v -0.826567 -0.380232 -0.342376
v -0.743891 -0.552012 -0.308130
v -0.632627 -0.702578 -0.262043
v -0.497052 -0.826144 -0.205886
v -0.342375 -0.917962 -0.141817
v -0.149045 -0.977661 -0.061736
v -0.121911 0.975317 -0.121911
v -0.262043 0.917962 -0.262043
v -0.380427 0.826144 -0.380427
v -0.484192 0.702578 -0.484192
v -0.569349 0.552012 -0.569350
v -0.632627 0.380232 -0.632628
v -0.671593 0.193841 -0.671594
v -0.684751 0.000000 -0.684751
v -0.671593 -0.193841 -0.671594
v -0.632627 -0.380232 -0.632628
v -0.569349 -0.552012 -0.569350
v -0.484192 -0.702578 -0.484192
v -0.380427 -0.826144 -0.380427
v -0.262043 -0.917962 -0.262043
v -0.114074 -0.977661 -0.114074
v -0.065978 0.975317 -0.159284
v -0.141816 0.917962 -0.342376
v -0.205886 0.826144 -0.497052
v -0.262043 0.702578 -0.632628
v -0.308129 0.552012 -0.743891
v -0.342375 0.380232 -0.826568
v -0.363463 0.193841 -0.877480
v -0.370584 0.000000 -0.894670
v -0.363463 -0.193841 -0.877480
v -0.342375 -0.380232 -0.826568
v -0.308129 -0.552012 -0.743891
v -0.262042 -0.702578 -0.632627
v -0.205886 -0.826144 -0.497052
v -0.141816 -0.917962 -0.342376
v -0.061736 -0.977661 -0.149045
v 0.000000 0.826144 -0.538005
v 0.000000 0.552012 -0.805182
v 0.000000 0.000000 -0.968384
v 0.000000 -0.380232 -0.894670
v 0.000000 -0.702578 -0.684751
v 0.000000 0.950719 -0.281975
v 0.000000 0.288424 -0.926682
v 0.000000 -0.876269 -0.456491
v 0.000000 -0.950719 -0.281975
v 0.107907 0.950719 -0.260511
v 0.174692 0.876269 -0.421743
v 0.235095 0.768056 -0.567571
v 0.286465 0.630328 -0.691587
v 0.326825 0.468376 -0.789026
v 0.354626 0.288424 -0.856143
v 0.368799 0.097389 -0.890359
v 0.368799 -0.097389 -0.890359
v 0.354626 -0.288424 -0.856143
v 0.326825 -0.468376 -0.789026
v 0.286465 -0.630328 -0.691587
v 0.235095 -0.768056 -0.567571
v 0.174692 -0.876269 -0.421743
v 0.107907 -0.950719 -0.260511
v 0.104953 -0.826144 -0.527634
v 0.174530 0.380232 -0.877423
v 0.072293 -0.917962 -0.363441
v 0.185280 0.193841 -0.931467
v 0.031767 -0.977515 -0.159702
v 0.033949 0.975161 -0.170674
v 0.185281 -0.193841 -0.931467
v 0.072293 0.917962 -0.363441
v 0.157073 -0.552012 -0.789660
v 0.133580 0.702578 -0.671551
v 0.199386 0.950719 -0.199386
v 0.322788 0.876269 -0.322788
v 0.434400 0.768056 -0.434400
v 0.529318 0.630328 -0.529318
v 0.603894 0.468376 -0.603894
v 0.655263 0.288424 -0.655263
v 0.681451 0.097389 -0.681451
v 0.681451 -0.097389 -0.681451
v 0.655263 -0.288424 -0.655263
v 0.603894 -0.468376 -0.603894
v 0.529318 -0.630328 -0.529318
v 0.434400 -0.768056 -0.434400
v 0.322788 -0.876269 -0.322788
v 0.199386 -0.950719 -0.199386
v 0.380403 -0.702578 -0.569313
v 0.447306 -0.552012 -0.669441
v 0.447306 0.552012 -0.669441
v 0.380403 0.702578 -0.569313
v 0.298881 -0.826144 -0.447306
v 0.497020 0.380232 -0.743843
v 0.205873 -0.917962 -0.308110
v 0.527634 0.193841 -0.789660
v 0.090464 -0.977515 -0.135389
v 0.537971 0.000000 -0.805130
v 0.096679 0.975161 -0.144690
v 0.527634 -0.193841 -0.789660
v 0.205873 0.917962 -0.308110
v 0.497020 -0.380232 -0.743843
v 0.298881 0.826144 -0.447306
v 0.260511 0.950719 -0.107907
v 0.421743 0.876269 -0.174692
v 0.567571 0.768056 -0.235095
v 0.691587 0.630328 -0.286465
v 0.789026 0.468376 -0.326825
v 0.856143 0.288424 -0.354626
v 0.890359 0.097389 -0.368799
v 0.890359 -0.097389 -0.368799
v 0.856143 -0.288424 -0.354626
v 0.789026 -0.468376 -0.326825
v 0.691587 -0.630328 -0.286465
v 0.567571 -0.768056 -0.235095
v 0.421743 -0.876269 -0.174692
v 0.260511 -0.950719 -0.107907
v 0.144690 0.975161 -0.096679
v 0.135389 -0.977515 -0.090464
v 0.789660 -0.193841 -0.527634
v 0.805130 0.000000 -0.537971
v 0.308110 0.917962 -0.205873
v 0.743843 -0.380232 -0.497020
v 0.447306 0.826144 -0.298881
v 0.669441 -0.552012 -0.447306
v 0.569313 0.702578 -0.380403
v 0.569313 -0.702578 -0.380403
v 0.669441 0.552012 -0.447306
v 0.447306 -0.826144 -0.298881
v 0.743843 0.380232 -0.497020
v 0.308110 -0.917962 -0.205873
v 0.789660 0.193841 -0.527634
v 0.281975 0.950719 0.000000
v 0.456491 0.876269 0.000000
v 0.614334 0.768056 0.000000
v 0.748568 0.630328 0.000000
v 0.854035 0.468376 0.000000
v 0.926682 0.288424 0.000000
v 0.963717 0.097389 0.000000
v 0.963717 -0.097389 0.000000
v 0.926682 -0.288424 0.000000
v 0.854035 -0.468376 0.000000
v 0.748568 -0.630328 0.000000
v 0.614334 -0.768056 0.000000
v 0.456491 -0.876269 0.000000
v 0.281975 -0.950719 0.000000
v 0.789660 0.552012 -0.157073
v 0.671551 0.702578 -0.133580
v 0.527634 -0.826144 -0.104953
v 0.671551 -0.702578 -0.133580
v 0.877423 0.380232 -0.174530
v 0.363441 -0.917962 -0.072293
v 0.931467 0.193841 -0.185280
v 0.159702 -0.977515 -0.031767
v 0.949716 0.000000 -0.188910
v 0.170674 0.975161 -0.033949
v 0.931467 -0.193841 -0.185280
v 0.363441 0.917962 -0.072293
v 0.877423 -0.380232 -0.174530
v 0.527634 0.826144 -0.104953
v 0.789660 -0.552012 -0.157073
v 0.260511 0.950719 0.107907
v 0.421743 0.876269 0.174692
v 0.567571 0.768056 0.235096
v 0.691587 0.630328 0.286465
v 0.789026 0.468376 0.326825
v 0.856143 0.288424 0.354626
v 0.890359 0.097389 0.368799
v 0.890359 -0.097389 0.368799
v 0.856143 -0.288424 0.354626
v 0.789026 -0.468376 0.326825
v 0.691587 -0.630328 0.286465
v 0.567571 -0.768056 0.235096
v 0.421743 -0.876269 0.174692
v 0.260511 -0.950719 0.107907
v 0.931467 -0.193841 0.185281
v 0.949716 0.000000 0.188910
v 0.363441 0.917962 0.072293
v 0.170674 0.975161 0.033949
v 0.877423 -0.380232 0.174530
v 0.527634 0.826144 0.104953
v 0.789660 -0.552012 0.157073
v 0.671550 0.702578 0.133580
v 0.671550 -0.702578 0.133580
v 0.789660 0.552012 0.157073
v 0.527634 -0.826144 0.104953
v 0.877423 0.380232 0.174530
v 0.363441 -0.917962 0.072293
v 0.931467 0.193841 0.185281
v 0.159702 -0.977515 0.031767
v 0.199386 0.950719 0.199386
v 0.322788 0.876269 0.322788
v 0.434400 0.768056 0.434400
v 0.529317 0.630328 0.529318
v 0.603894 0.468376 0.603894
v 0.655263 0.288424 0.655263
v 0.681451 0.097389 0.681451
v 0.681451 -0.097389 0.681451
v 0.655263 -0.288424 0.655263
v 0.603894 -0.468376 0.603894
v 0.529317 -0.630328 0.529318
v 0.434400 -0.768056 0.434400
v 0.322788 -0.876269 0.322788
v 0.199386 -0.950719 0.199386
v 0.447306 -0.826144 0.298881
v 0.569313 -0.702578 0.380403
v 0.743843 0.380232 0.497020
v 0.669441 0.552012 0.447306
v 0.308110 -0.917962 0.205873
v 0.789660 0.193841 0.527634
v 0.135389 -0.977515 0.090464
v 0.805130 0.000000 0.537971
v 0.144690 0.975161 0.096679
v 0.789660 -0.193841 0.527634
v 0.308110 0.917962 0.205873
v 0.743843 -0.380232 0.497020
v 0.447306 0.826144 0.298881
v 0.669441 -0.552012 0.447306
v 0.569313 0.702578 0.380403
v 0.107907 0.950719 0.260511
v 0.174692 0.876269 0.421743
v 0.235095 0.768056 0.567571
v 0.286464 0.630328 0.691587
v 0.326825 0.468376 0.789026
v 0.354626 0.288424 0.856143
v 0.368798 0.097389 0.890359
v 0.368798 -0.097389 0.890359
v 0.354626 -0.288424 0.856143
v 0.326825 -0.468376 0.789026
v 0.286464 -0.630328 0.691587
v 0.235095 -0.768056 0.567571
v 0.174692 -0.876269 0.421743
v 0.107907 -0.950719 0.260511
v 0.497020 -0.380232 0.743843
v 0.527634 -0.193841 0.789660
v 0.298880 0.826144 0.447307
v 0.205872 0.917962 0.308110
v 0.447306 -0.552012 0.669441
v 0.380403 0.702578 0.569313
v 0.380403 -0.702578 0.569313
v 0.447306 0.552012 0.669441
v 0.298881 -0.826144 0.447307
v 0.497020 0.380232 0.743843
v 0.205872 -0.917962 0.308110
v 0.527634 0.193841 0.789660
v 0.090464 -0.977515 0.135389
v 0.537971 0.000000 0.805130
v 0.096679 0.975161 0.144690
v -0.000000 0.950719 0.281975
v -0.000000 0.876269 0.456491
v -0.000000 0.768056 0.614334
v -0.000000 0.630328 0.748568
v -0.000000 0.468376 0.854035
v -0.000000 0.288424 0.926682
v -0.000000 0.097389 0.963717
v -0.000000 -0.097389 0.963717
v -0.000000 -0.288424 0.926682
v -0.000000 -0.468376 0.854035
v -0.000000 -0.630328 0.748568
v -0.000000 -0.768056 0.614334
v -0.000000 -0.876269 0.456491
v -0.000000 -0.950719 0.281975
v 0.072293 -0.917962 0.363441
v 0.104953 -0.826144 0.527634
v 0.185280 0.193841 0.931467
v 0.174530 0.380232 0.877423
v 0.031767 -0.977515 0.159702
v 0.188910 0.000000 0.949716
v 0.033949 0.975161 0.170674
v 0.185280 -0.193841 0.931467
v 0.072293 0.917962 0.363441
v 0.174530 -0.380232 0.877423
v 0.104953 0.826144 0.527634
v 0.157073 -0.552012 0.789660
v 0.133579 0.702578 0.671551
v 0.133579 -0.702578 0.671551
v 0.157073 0.552012 0.789660
v -0.107907 0.950719 0.260511
v -0.174692 0.876269 0.421743
v -0.235096 0.768056 0.567571
v -0.286465 0.630328 0.691587
v -0.326825 0.468376 0.789026
v -0.354626 0.288424 0.856143
v -0.368799 0.097389 0.890359
v -0.368799 -0.097389 0.890359
v -0.354626 -0.288424 0.856143
v -0.326825 -0.468376 0.789025
v -0.286465 -0.630328 0.691587
v -0.235096 -0.768056 0.567571
v -0.174692 -0.876269 0.421743
v -0.107907 -0.950719 0.260511
v -0.104953 0.826144 0.527634
v -0.072293 0.917962 0.363441
v -0.157073 -0.552012 0.789660
v -0.174531 -0.380232 0.877423
v -0.133580 0.702578 0.671550
v -0.133580 -0.702578 0.671550
v -0.157073 0.552012 0.789660
v -0.104953 -0.826144 0.527634
v -0.174531 0.380232 0.877423
v -0.072293 -0.917962 0.363441
v -0.185281 0.193841 0.931467
v -0.031767 -0.977515 0.159702
v -0.188911 0.000000 0.949716
v -0.033949 0.975161 0.170674
v -0.185281 -0.193841 0.931467
v -0.199386 0.950719 0.199386
v -0.322788 0.876269 0.322788
v -0.434400 0.768056 0.434400
v -0.529318 0.630328 0.529317
v -0.603894 0.468376 0.603894
v -0.655263 0.288424 0.655263
v -0.681451 0.097389 0.681451
v -0.681451 -0.097389 0.681451
v -0.655263 -0.288424 0.655263
v -0.603894 -0.468376 0.603894
v -0.529318 -0.630328 0.529317
v -0.434400 -0.768056 0.434400
v -0.322788 -0.876269 0.322788
v -0.199386 -0.950719 0.199386
v -0.527634 0.193841 0.789660
v -0.497020 0.380232 0.743843
v -0.090464 -0.977515 0.135389
v -0.205873 -0.917962 0.308110
v -0.537971 0.000000 0.805130
v -0.096679 0.975161 0.144690
v -0.527634 -0.193841 0.789660
v -0.205873 0.917962 0.308110
v -0.497020 -0.380232 0.743843
v -0.298881 0.826144 0.447306
v -0.447307 -0.552012 0.669441
v -0.380403 0.702578 0.569313
v -0.380403 -0.702578 0.569313
v -0.447307 0.552012 0.669441
v -0.298881 -0.826144 0.447306
v -0.260511 0.950719 0.107907
v -0.421743 0.876269 0.174692
v -0.567571 0.768056 0.235095
v -0.691587 0.630328 0.286464
v -0.789026 0.468376 0.326825
v -0.856143 0.288424 0.354626
v -0.890359 0.097389 0.368798
v -0.890359 -0.097389 0.368798
v -0.856143 -0.288424 0.354626
v -0.789026 -0.468376 0.326825
v -0.691587 -0.630328 0.286464
v -0.567571 -0.768056 0.235095
v -0.421743 -0.876269 0.174692
v -0.260511 -0.950719 0.107907
v -0.669441 -0.552012 0.447306
v -0.743843 -0.380232 0.497020
v -0.569313 0.702578 0.380403
v -0.447307 0.826144 0.298880
v -0.569313 -0.702578 0.380403
v -0.669441 0.552012 0.447306
v -0.447307 -0.826144 0.298880
v -0.743843 0.380232 0.497020
v -0.308110 -0.917962 0.205872
v -0.789660 0.193841 0.527634
v -0.135389 -0.977515 0.090464
v -0.805130 0.000000 0.537970
v -0.144690 0.975161 0.096679
v -0.789660 -0.193841 0.527633
v -0.308110 0.917962 0.205872
v -0.281975 0.950719 -0.000000
v -0.456491 0.876269 -0.000000
v -0.614334 0.768057 -0.000000
v -0.748568 0.630328 -0.000000
v -0.854035 0.468376 -0.000000
v -0.926682 0.288424 -0.000000
v -0.963717 0.097389 -0.000000
v -0.963717 -0.097389 -0.000000
v -0.926682 -0.288424 -0.000000
v -0.854035 -0.468376 -0.000000
v -0.748568 -0.630328 -0.000000
v -0.614334 -0.768056 -0.000000
v -0.456491 -0.876269 -0.000000
v -0.281975 -0.950719 -0.000000
v -0.159702 -0.977515 0.031767
v -0.363441 -0.917962 0.072293
v -0.949716 0.000000 0.188910
v -0.931467 0.193841 0.185280
v -0.170674 0.975161 0.033949
v -0.931467 -0.193841 0.185280
v -0.363441 0.917962 0.072293
v -0.877423 -0.380232 0.174530
v -0.527634 0.826144 0.104953
v -0.789660 -0.552012 0.157073
v -0.671550 0.702578 0.133579
v -0.671551 -0.702578 0.133579
v -0.789660 0.552012 0.157073
v -0.527634 -0.826144 0.104953
v -0.877423 0.380232 0.174530
v -0.260511 0.950719 -0.107907
v -0.421743 0.876269 -0.174692
v -0.567571 0.768056 -0.235096
v -0.691587 0.630328 -0.286465
v -0.789025 0.468376 -0.326825
v -0.856143 0.288424 -0.354626
v -0.890359 0.097389 -0.368799
v -0.890359 -0.097389 -0.368799
v -0.856142 -0.288424 -0.354626
v -0.789025 -0.468376 -0.326825
v -0.691586 -0.630328 -0.286465
v -0.567570 -0.768056 -0.235096
v -0.421743 -0.876269 -0.174692
v -0.260511 -0.950719 -0.107907
v -0.671550 0.702578 -0.133580
v -0.527634 0.826144 -0.104953
v -0.671550 -0.702578 -0.133580
v -0.789660 -0.552012 -0.157073
v -0.789660 0.552012 -0.157073
v -0.527634 -0.826144 -0.104953
v -0.877423 0.380232 -0.174531
v -0.363441 -0.917962 -0.072293
v -0.931467 0.193841 -0.185281
v -0.159702 -0.977515 -0.031767
v -0.949716 0.000000 -0.188911
v -0.170674 0.975161 -0.033949
v -0.931467 -0.193841 -0.185281
v -0.363441 0.917962 -0.072293
v -0.877423 -0.380232 -0.174531
v -0.199386 0.950719 -0.199386
v -0.322788 0.876269 -0.322788
v -0.434400 0.768056 -0.434400
v -0.529317 0.630328 -0.529318
v -0.603894 0.468376 -0.603894
v -0.655263 0.288424 -0.655263
v -0.681451 0.097389 -0.681451
v -0.681451 -0.097389 -0.681451
v -0.655263 -0.288424 -0.655264
v -0.603894 -0.468376 -0.603894
v -0.529317 -0.630328 -0.529318
v -0.434400 -0.768056 -0.434400
v -0.322788 -0.876269 -0.322788
v -0.199386 -0.950719 -0.199386
v -0.805130 0.000000 -0.537971
v -0.789660 0.193841 -0.527634
v -0.144690 0.975161 -0.096679
v -0.135389 -0.977515 -0.090464
v -0.789660 -0.193841 -0.527634
v -0.308110 0.917962 -0.205873
v -0.743843 -0.380232 -0.497020
v -0.447306 0.826144 -0.298881
v -0.669441 -0.552012 -0.447307
v -0.569313 0.702578 -0.380403
v -0.569313 -0.702578 -0.380403
v -0.669441 0.552012 -0.447307
v -0.447306 -0.826144 -0.298881
v -0.743843 0.380232 -0.497020
v -0.308110 -0.917962 -0.205873
v -0.107907 0.950719 -0.260511
v -0.174692 0.876269 -0.421743
v -0.235095 0.768056 -0.567571
v -0.286464 0.630328 -0.691587
v -0.326825 0.468376 -0.789026
v -0.354626 0.288424 -0.856143
v -0.368798 0.097389 -0.890359
v -0.368798 -0.097389 -0.890359
v -0.354626 -0.288424 -0.856143
v -0.326825 -0.468376 -0.789026
v -0.286464 -0.630328 -0.691587
v -0.235095 -0.768056 -0.567571
v -0.174692 -0.876269 -0.421743
v -0.107907 -0.950719 -0.260511
v -0.380402 -0.702578 -0.569313
v -0.447306 -0.552012 -0.669441
v -0.447306 0.552012 -0.669441
v -0.380402 0.702578 -0.569313
v -0.298880 -0.826144 -0.447307
v -0.497020 0.380232 -0.743843
v -0.205872 -0.917962 -0.308110
v -0.527633 0.193841 -0.789660
v -0.090464 -0.977515 -0.135389
v -0.537970 0.000000 -0.805130
v -0.096679 0.975161 -0.144690
v -0.527633 -0.193841 -0.789660
v -0.205872 0.917962 -0.308110
v -0.497020 -0.380232 -0.743843
v -0.298880 0.826144 -0.447307
v -0.188910 0.000000 -0.949716
v -0.174530 -0.380232 -0.877423
v -0.104953 0.826144 -0.527634
v -0.133579 -0.702578 -0.671551
v -0.157073 0.552012 -0.789660
v 0.000000 0.876269 -0.456491
v 0.000000 0.768056 -0.614334
v 0.000000 0.630328 -0.748568
v 0.000000 0.468376 -0.854035
v 0.000000 0.097389 -0.963717
v 0.000000 -0.097389 -0.963717
v 0.000000 -0.288424 -0.926682
v 0.000000 -0.468376 -0.854035
v 0.000000 -0.630328 -0.748568
v 0.000000 -0.768056 -0.614334
v 0.133580 -0.702578 -0.671551
v 0.157073 0.552012 -0.789660
v 0.188910 0.000000 -0.949716
v 0.174530 -0.380232 -0.877423
v 0.104953 0.826144 -0.527634
v -0.031767 -0.977515 -0.159702
v -0.185280 -0.193841 -0.931467
v -0.072293 0.917962 -0.363441
v -0.033949 0.975161 -0.170674
v -0.157073 -0.552012 -0.789660
v -0.133579 0.702578 -0.671551
v -0.104953 -0.826144 -0.527634
v -0.174530 0.380232 -0.877423
v -0.072293 -0.917962 -0.363441
v -0.185280 0.193841 -0.931467
v 0.119843 -0.768056 -0.602491
v 0.166603 0.468376 -0.837571
v 0.089051 -0.876269 -0.447691
v 0.180775 0.288424 -0.908818
v 0.055052 -0.950696 -0.276765
v 0.188000 0.097389 -0.945139
v 0.188000 -0.097389 -0.945139
v 0.055052 0.950696 -0.276765
v 0.180775 -0.288424 -0.908818
v 0.089051 0.876269 -0.447691
v 0.166603 -0.468376 -0.837571
v 0.119843 0.768056 -0.602491
v 0.146029 -0.630328 -0.734137
v 0.146029 0.630328 -0.734137
v 0.415855 -0.630328 -0.622372
v 0.415855 0.630328 -0.622371
v 0.341284 -0.768056 -0.510767
v 0.474446 0.468376 -0.710059
v 0.253597 -0.876269 -0.379534
v 0.514804 0.288424 -0.770459
v 0.156775 -0.950696 -0.234630
v 0.535378 0.097389 -0.801250
v 0.535378 -0.097389 -0.801250
v 0.156775 0.950696 -0.234630
v 0.514804 -0.288424 -0.770459
v 0.253597 0.876269 -0.379534
v 0.474446 -0.468376 -0.710059
v 0.341284 0.768056 -0.510767
v 0.801250 -0.097389 -0.535378
v 0.234630 0.950696 -0.156775
v 0.770459 -0.288424 -0.514804
v 0.379534 0.876269 -0.253597
v 0.710059 -0.468376 -0.474446
v 0.510767 0.768056 -0.341284
v 0.622372 -0.630328 -0.415855
v 0.622372 0.630328 -0.415855
v 0.510767 -0.768056 -0.341284
v 0.710059 0.468376 -0.474446
v 0.379534 -0.876269 -0.253597
v 0.770459 0.288424 -0.514804
v 0.234630 -0.950696 -0.156775
v 0.801250 0.097389 -0.535378
v 0.734137 0.630328 -0.146029
v 0.602491 -0.768056 -0.119843
v 0.837571 0.468376 -0.166603
v 0.447691 -0.876269 -0.089051
v 0.908818 0.288424 -0.180775
v 0.276765 -0.950696 -0.055052
v 0.945139 0.097389 -0.188000
v 0.945139 -0.097389 -0.188000
v 0.276765 0.950696 -0.055052
v 0.908818 -0.288424 -0.180775
v 0.447691 0.876269 -0.089051
v 0.837571 -0.468376 -0.166603
v 0.602491 0.768056 -0.119843
v 0.734137 -0.630328 -0.146029
v 0.945139 -0.097389 0.188000
v 0.276765 0.950696 0.055052
v 0.908818 -0.288424 0.180775
v 0.447691 0.876269 0.089051
v 0.837571 -0.468376 0.166603
v 0.602491 0.768056 0.119843
v 0.734137 -0.630328 0.146029
v 0.734137 0.630328 0.146029
v 0.602491 -0.768056 0.119843
v 0.837571 0.468376 0.166603
v 0.447691 -0.876269 0.089051
v 0.908818 0.288424 0.180775
v 0.276765 -0.950696 0.055052
v 0.945139 0.097389 0.188000
v 0.510767 -0.768056 0.341284
v 0.710058 0.468376 0.474446
v 0.379534 -0.876269 0.253597
v 0.770458 0.288424 0.514804
v 0.234630 -0.950696 0.156775
v 0.801250 0.097389 0.535378
v 0.801250 -0.097389 0.535378
v 0.234630 0.950696 0.156775
v 0.770458 -0.288424 0.514804
v 0.379534 0.876269 0.253597
v 0.710059 -0.468376 0.474446
v 0.510767 0.768056 0.341284
v 0.622371 -0.630328 0.415855
v 0.622371 0.630328 0.415855
v 0.514804 -0.288424 0.770459
v 0.253597 0.876269 0.379534
v 0.474446 -0.468376 0.710059
v 0.341284 0.768056 0.510767
v 0.415855 -0.630328 0.622372
v 0.415855 0.630328 0.622372
v 0.341284 -0.768056 0.510767
v 0.474446 0.468376 0.710059
v 0.253597 -0.876269 0.379534
v 0.514804 0.288424 0.770459
v 0.156775 -0.950696 0.234630
v 0.535378 0.097389 0.801250
v 0.535378 -0.097389 0.801250
v 0.156775 0.950696 0.234630
v 0.089051 -0.876269 0.447691
v 0.180775 0.288424 0.908818
v 0.055052 -0.950696 0.276765
v 0.188000 0.097389 0.945139
v 0.188000 -0.097389 0.945139
v 0.055052 0.950696 0.276765
v 0.180775 -0.288424 0.908818
v 0.089051 0.876269 0.447691
v 0.166603 -0.468376 0.837571
v 0.119843 0.768056 0.602491
v 0.146029 -0.630328 0.734137
v 0.146029 0.630328 0.734137
v 0.119843 -0.768056 0.602491
v 0.166603 0.468376 0.837571
v -0.089051 0.876269 0.447691
v -0.166603 -0.468376 0.837571
v -0.119843 0.768056 0.602491
v -0.146029 -0.630328 0.734137
v -0.146029 0.630328 0.734137
v -0.119843 -0.768056 0.602491
v -0.166603 0.468376 0.837571
v -0.089051 -0.876269 0.447691
v -0.180775 0.288424 0.908818
v -0.055052 -0.950696 0.276765
v -0.188000 0.097389 0.945139
v -0.188000 -0.097389 0.945139
v -0.055052 0.950696 0.276765
v -0.180775 -0.288424 0.908818
v -0.514804 0.288424 0.770458
v -0.156775 -0.950696 0.234630
v -0.535378 0.097389 0.801250
v -0.535378 -0.097389 0.801250
v -0.156775 0.950696 0.234630
v -0.514804 -0.288424 0.770458
v -0.253597 0.876269 0.379534
v -0.474446 -0.468376 0.710058
v -0.341284 0.768056 0.510767
v -0.415856 -0.630328 0.622371
v -0.415856 0.630328 0.622371
v -0.341284 -0.768056 0.510767
v -0.474446 0.468376 0.710058
v -0.253597 -0.876269 0.379534
v -0.710059 -0.468376 0.474446
v -0.510767 0.768056 0.341284
v -0.622372 -0.630328 0.415855
v -0.622372 0.630328 0.415855
v -0.510767 -0.768056 0.341284
v -0.710059 0.468376 0.474446
v -0.379534 -0.876269 0.253597
v -0.770459 0.288424 0.514804
v -0.234630 -0.950696 0.156774
v -0.801250 0.097389 0.535378
v -0.801250 -0.097389 0.535378
v -0.234630 0.950696 0.156774
v -0.770459 -0.288424 0.514804
v -0.379534 0.876269 0.253597
v -0.276765 -0.950696 0.055052
v -0.945139 0.097389 0.187999
v -0.945139 -0.097389 0.187999
v -0.276765 0.950696 0.055052
v -0.908818 -0.288424 0.180775
v -0.447691 0.876269 0.089051
v -0.837571 -0.468376 0.166603
v -0.602491 0.768057 0.119843
v -0.734137 -0.630328 0.146029
v -0.734137 0.630328 0.146029
v -0.602491 -0.768057 0.119843
v -0.837571 0.468376 0.166603
v -0.447691 -0.876269 0.089051
v -0.908818 0.288424 0.180775
v -0.602491 0.768056 -0.119843
v -0.734137 -0.630328 -0.146029
v -0.734137 0.630328 -0.146029
v -0.602491 -0.768057 -0.119843
v -0.837571 0.468376 -0.166604
v -0.447691 -0.876269 -0.089052
v -0.908818 0.288424 -0.180775
v -0.276765 -0.950696 -0.055052
v -0.945139 0.097389 -0.188000
v -0.945139 -0.097389 -0.188000
v -0.276765 0.950696 -0.055052
v -0.908818 -0.288424 -0.180775
v -0.447691 0.876269 -0.089052
v -0.837571 -0.468376 -0.166604
v -0.801250 0.097389 -0.535379
v -0.801250 -0.097389 -0.535379
v -0.234630 0.950696 -0.156775
v -0.770458 -0.288424 -0.514804
v -0.379534 0.876269 -0.253597
v -0.710058 -0.468376 -0.474446
v -0.510767 0.768056 -0.341284
v -0.622371 -0.630328 -0.415856
v -0.622371 0.630328 -0.415856
v -0.510767 -0.768056 -0.341284
v -0.710058 0.468376 -0.474446
v -0.379534 -0.876269 -0.253597
v -0.770458 0.288424 -0.514804
v -0.234630 -0.950696 -0.156775
v -0.415855 -0.630328 -0.622372
v -0.415855 0.630328 -0.622372
v -0.341283 -0.768056 -0.510767
v -0.474446 0.468376 -0.710059
v -0.253597 -0.876269 -0.379534
v -0.514804 0.288424 -0.770459
v -0.156774 -0.950696 -0.234630
v -0.535378 0.097389 -0.801250
v -0.535378 -0.097389 -0.801250
v -0.156774 0.950696 -0.234630
v -0.514804 -0.288424 -0.770459
v -0.253597 0.876269 -0.379534
v -0.474446 -0.468376 -0.710059
v -0.341283 0.768056 -0.510767
v -0.187999 -0.097389 -0.945139
v -0.055052 0.950696 -0.276765
v -0.180775 -0.288424 -0.908818
v -0.089051 0.876269 -0.447691
v -0.166603 -0.468376 -0.837571
v -0.119843 0.768056 -0.602491
v -0.146029 -0.630328 -0.734137
v -0.146029 0.630328 -0.734137
v -0.119843 -0.768056 -0.602491
v -0.166603 0.468376 -0.837571
v -0.089051 -0.876269 -0.447691
v -0.180775 0.288424 -0.908818
v -0.055052 -0.950696 -0.276765
v -0.187999 0.097389 -0.945139
vn -0.0000 0.9894 -0.1454
vn -0.0000 0.9187 -0.3949
vn -0.0000 0.6965 -0.7176
vn -0.0000 0.3733 -0.9277
vn -0.0000 0.1898 -0.9818
vn -0.0000 -0.1898 -0.9818
vn -0.0000 -0.5444 -0.8388
vn -0.0000 -0.8234 -0.5675
vn -0.0000 -0.9187 -0.3949
vn -0.0000 -0.9860 -0.1670
vn 0.0556 0.9894 -0.1343
vn 0.1511 0.9187 -0.3648
vn 0.2172 0.8234 -0.5243
vn 0.2746 0.6965 -0.6630
vn 0.3210 0.5444 -0.7750
vn 0.3550 0.3733 -0.8571
vn 0.3757 0.1898 -0.9071
vn 0.3827 -0.0000 -0.9239
vn 0.3757 -0.1898 -0.9071
vn 0.3550 -0.3733 -0.8571
vn 0.3210 -0.5444 -0.7750
vn 0.2746 -0.6965 -0.6630
vn 0.2172 -0.8234 -0.5243
vn 0.1511 -0.9187 -0.3648
vn 0.0639 -0.9860 -0.1543
vn 0.1028 0.9894 -0.1028
vn 0.2792 0.9187 -0.2792
vn 0.4013 0.8234 -0.4013
vn 0.5074 0.6965 -0.5074
vn 0.5932 0.5444 -0.5932
vn 0.6560 0.3733 -0.6560
vn 0.6943 0.1898 -0.6943
vn 0.7071 -0.0000 -0.7071
vn 0.6943 -0.1898 -0.6943
vn 0.6560 -0.3733 -0.6560
vn 0.5932 -0.5444 -0.5932
vn 0.5074 -0.6965 -0.5074
vn 0.4013 -0.8234 -0.4013
vn 0.2792 -0.9187 -0.2792
vn 0.1181 -0.9860 -0.1181
vn 0.1343 0.9894 -0.0556
vn 0.3648 0.9187 -0.1511
vn 0.5243 0.8234 -0.2172
vn 0.6630 0.6965 -0.2746
vn 0.7750 0.5444 -0.3210
vn 0.8571 0.3733 -0.3550
vn 0.9071 0.1898 -0.3757
vn 0.9239 -0.0000 -0.3827
vn 0.9071 -0.1898 -0.3757
vn 0.8571 -0.3733 -0.3550
vn 0.7750 -0.5444 -0.3210
vn 0.6630 -0.6965 -0.2746
vn 0.5243 -0.8234 -0.2172
vn 0.3648 -0.9187 -0.1511
vn 0.1543 -0.9860 -0.0639
vn 0.1454 0.9894 -0.0000
vn 0.3949 0.9187 -0.0000
vn 0.5675 0.8234 -0.0000
vn 0.7176 0.6965 -0.0000
vn 0.8388 0.5444 -0.0000
vn 0.9277 0.3733 -0.0000
vn 0.9818 0.1898 -0.0000
vn 1.0000 -0.0000 -0.0000
vn 0.9818 -0.1898 -0.0000
vn 0.9277 -0.3733 -0.0000
vn 0.8388 -0.5444 -0.0000
vn 0.7176 -0.6965 -0.0000
vn 0.5675 -0.8234 -0.0000
vn 0.3949 -0.9187 -0.0000
vn 0.1670 -0.9860 -0.0000
vn 0.1343 0.9894 0.0556
vn 0.3648 0.9187 0.1511
vn 0.5243 0.8234 0.2172
vn 0.6630 0.6965 0.2746
vn 0.7750 0.5444 0.3210
vn 0.8571 0.3733 0.3550
vn 0.9071 0.1898 0.3757
vn 0.9239 -0.0000 0.3827
vn 0.9071 -0.1898 0.3757
vn 0.8571 -0.3733 0.3550
vn 0.7750 -0.5444 0.3210
vn 0.6630 -0.6965 0.2746
vn 0.5243 -0.8234 0.2172
vn 0.3648 -0.9187 0.1511
vn 0.1543 -0.9860 0.0639
vn 0.1028 0.9894 0.1028
vn 0.2792 0.9187 0.2792
vn 0.4013 0.8234 0.4013
vn 0.5074 0.6965 0.5074
vn 0.5932 0.5444 0.5932
vn 0.6560 0.3733 0.6560
vn 0.6943 0.1898 0.6943
vn 0.7071 -0.0000 0.7071
vn 0.6943 -0.1898 0.6943
vn 0.6560 -0.3733 0.6560
vn 0.5932 -0.5444 0.5932
vn 0.5074 -0.6965 0.5074
vn 0.4013 -0.8234 0.4013
vn 0.2792 -0.9187 0.2792
vn 0.1181 -0.9860 0.1181
vn 0.0556 0.9894 0.1343
vn 0.1511 0.9187 0.3648
vn 0.2172 0.8234 0.5243
vn 0.2746 0.6965 0.6630
vn 0.3210 0.5444 0.7750
vn 0.3550 0.3733 0.8571
vn 0.3757 0.1898 0.9071
vn 0.3827 -0.0000 0.9239
vn 0.3757 -0.1898 0.9071
vn 0.3550 -0.3733 0.8571
vn 0.3210 -0.5444 0.7750
vn 0.2746 -0.6965 0.6630
vn 0.2172 -0.8234 0.5243
vn 0.1511 -0.9187 0.3648
vn 0.0639 -0.9860 0.1543
vn -0.0000 0.9894 0.1454
vn -0.0000 0.9187 0.3949
vn -0.0000 0.8234 0.5675
vn -0.0000 0.6965 0.7176
vn -0.0000 0.5444 0.8388
vn -0.0000 0.3733 0.9277
vn -0.0000 0.1898 0.9818
vn -0.0000 -0.0000 1.0000
vn -0.0000 -0.1898 0.9818
vn -0.0000 -0.3733 0.9277
vn -0.0000 -0.5444 0.8388
vn -0.0000 -0.6965 0.7176
vn -0.0000 -0.8234 0.5675
vn -0.0000 -0.9187 0.3949
vn -0.0000 -0.9860 0.1670
vn -0.0556 0.9894 0.1343
vn -0.1511 0.9187 0.3648
vn -0.2172 0.8234 0.5243
vn -0.2746 0.6965 0.6630
vn -0.3210 0.5444 0.7750
vn -0.3550 0.3733 0.8571
vn -0.3757 0.1898 0.9071
vn -0.3827 -0.0000 0.9239
vn -0.3757 -0.1898 0.9071
vn -0.3550 -0.3733 0.8571
vn -0.3210 -0.5444 0.7750
vn -0.2746 -0.6965 0.6630
vn -0.2172 -0.8234 0.5243
vn -0.1511 -0.9187 0.3648
vn -0.0639 -0.9860 0.1543
vn -0.0000 -1.0000 -0.0000
vn -0.1028 0.9894 0.1028
vn -0.2792 0.9187 0.2792
vn -0.4013 0.8234 0.4013
vn -0.5074 0.6965 0.5074
vn -0.5932 0.5444 0.5932
vn -0.6560 0.3733 0.6560
vn -0.6943 0.1898 0.6943
vn -0.7071 -0.0000 0.7071
vn -0.6943 -0.1898 0.6943
vn -0.6560 -0.3733 0.6560
vn -0.5932 -0.5444 0.5932
vn -0.5074 -0.6965 0.5074
vn -0.4013 -0.8234 0.4013
vn -0.2792 -0.9187 0.2792
vn -0.1181 -0.9860 0.1181
vn -0.1343 0.9894 0.0556
vn -0.3648 0.9187 0.1511
vn -0.5243 0.8234 0.2172
vn -0.6630 0.6965 0.2746
vn -0.7750 0.5444 0.3210
vn -0.8571 0.3733 0.3550
vn -0.9071 0.1898 0.3757
vn -0.9239 -0.0000 0.3827
vn -0.9071 -0.1898 0.3757
vn -0.8571 -0.3733 0.3550
vn -0.7750 -0.5444 0.3210
vn -0.6630 -0.6965 0.2746
vn -0.5243 -0.8234 0.2172
vn -0.3648 -0.9187 0.1511
vn -0.1543 -0.9860 0.0639
vn -0.0000 1.0000 -0.0000
vn -0.1454 0.9894 -0.0000
vn -0.3949 0.9187 -0.0000
vn -0.5675 0.8234 -0.0000
vn -0.7176 0.6965 -0.0000
vn -0.8388 0.5444 -0.0000
vn -0.9277 0.3733 -0.0000
vn -0.9818 0.1898 -0.0000
vn -1.0000 -0.0000 -0.0000
vn -0.9818 -0.1898 -0.0000
vn -0.9277 -0.3733 -0.0000
vn -0.8388 -0.5444 -0.0000
vn -0.7176 -0.6965 -0.0000
vn -0.5675 -0.8234 -0.0000
vn -0.3949 -0.9187 -0.0000
vn -0.1670 -0.9860 -0.0000
vn -0.1343 0.9894 -0.0556
vn -0.3648 0.9187 -0.1511
vn -0.5243 0.8234 -0.2172
vn -0.6630 0.6965 -0.2746
vn -0.7750 0.5444 -0.3210
vn -0.8571 0.3733 -0.3550
vn -0.9071 0.1898 -0.3757
vn -0.9239 -0.0000 -0.3827
vn -0.9071 -0.1898 -0.3757
vn -0.8571 -0.3733 -0.3550
vn -0.7750 -0.5444 -0.3210
vn -0.6630 -0.6965 -0.2746
vn -0.5243 -0.8234 -0.2172
vn -0.3648 -0.9187 -0.1511
vn -0.1543 -0.9860 -0.0639
vn -0.1028 0.9894 -0.1028
vn -0.2792 0.9187 -0.2792
vn -0.4013 0.8234 -0.4013
vn -0.5074 0.6965 -0.5074
vn -0.5932 0.5444 -0.5932
vn -0.6560 0.3733 -0.6560
vn -0.6943 0.1898 -0.6943
vn -0.7071 -0.0000 -0.7071
vn -0.6943 -0.1898 -0.6943
vn -0.6560 -0.3733 -0.6560
vn -0.5932 -0.5444 -0.5932
vn -0.5074 -0.6965 -0.5074
vn -0.4013 -0.8234 -0.4013
vn -0.2792 -0.9187 -0.2792
vn -0.1181 -0.9860 -0.1181
vn -0.0556 0.9894 -0.1343
vn -0.1511 0.9187 -0.3648
vn -0.2172 0.8234 -0.5243
vn -0.2746 0.6965 -0.6630
vn -0.3210 0.5444 -0.7750
vn -0.3550 0.3733 -0.8571
vn -0.3757 0.1898 -0.9071
vn -0.3827 -0.0000 -0.9239
vn -0.3757 -0.1898 -0.9071
vn -0.3550 -0.3733 -0.8571
vn -0.3210 -0.5444 -0.7750
vn -0.2746 -0.6965 -0.6630
vn -0.2172 -0.8234 -0.5243
vn -0.1511 -0.9187 -0.3648
vn -0.0639 -0.9860 -0.1543
vn -0.0000 0.8234 -0.5675
vn -0.0000 0.5444 -0.8388
vn -0.0000 -0.0000 -1.0000
vn -0.0000 -0.3733 -0.9277
vn -0.0000 -0.6965 -0.7176
vn -0.0000 0.9577 -0.2878
vn -0.0000 0.2827 -0.9592
vn -0.0000 -0.8755 -0.4832
vn -0.0000 -0.9579 -0.2872
vn 0.1101 0.9577 -0.2659
vn 0.1849 0.8755 -0.4464
vn 0.2472 0.7635 -0.5967
vn 0.2993 0.6232 -0.7225
vn 0.3396 0.4608 -0.8199
vn 0.3671 0.2827 -0.8862
vn 0.3809 0.0953 -0.9197
vn 0.3809 -0.0953 -0.9197
vn 0.3671 -0.2827 -0.8862
vn 0.3396 -0.4608 -0.8199
vn 0.2993 -0.6232 -0.7225
vn 0.2472 -0.7635 -0.5967
vn 0.1849 -0.8755 -0.4464
vn 0.1099 -0.9579 -0.2654
vn 0.1107 -0.8234 -0.5566
vn 0.1810 0.3733 -0.9099
vn 0.0770 -0.9187 -0.3873
vn 0.1915 0.1898 -0.9630
vn 0.0331 -0.9855 -0.1666
vn 0.0292 0.9887 -0.1470
vn 0.1915 -0.1898 -0.9630
vn 0.0770 0.9187 -0.3873
vn 0.1637 -0.5444 -0.8227
vn 0.1400 0.6965 -0.7038
vn 0.2035 0.9577 -0.2035
vn 0.3417 0.8755 -0.3417
vn 0.4567 0.7635 -0.4567
vn 0.5530 0.6232 -0.5530
vn 0.6276 0.4608 -0.6276
vn 0.6783 0.2827 -0.6783
vn 0.7039 0.0953 -0.7039
vn 0.7039 -0.0953 -0.7039
vn 0.6783 -0.2827 -0.6783
vn 0.6276 -0.4608 -0.6276
vn 0.5530 -0.6232 -0.5530
vn 0.4567 -0.7635 -0.4567
vn 0.3417 -0.8755 -0.3417
vn 0.2031 -0.9579 -0.2031
vn 0.3987 -0.6965 -0.5967
vn 0.4660 -0.5444 -0.6975
vn 0.4660 0.5444 -0.6975
vn 0.3987 0.6965 -0.5967
vn 0.3153 -0.8234 -0.4719
vn 0.5154 0.3733 -0.7714
vn 0.2194 -0.9187 -0.3283
vn 0.5455 0.1898 -0.8164
vn 0.0944 -0.9855 -0.1413
vn 0.5556 -0.0000 -0.8315
vn 0.0833 0.9887 -0.1246
vn 0.5455 -0.1898 -0.8164
vn 0.2194 0.9187 -0.3283
vn 0.5154 -0.3733 -0.7714
vn 0.3153 0.8234 -0.4719
vn 0.2659 0.9577 -0.1101
vn 0.4464 0.8755 -0.1849
vn 0.5967 0.7635 -0.2472
vn 0.7225 0.6232 -0.2993
vn 0.8199 0.4608 -0.3396
vn 0.8862 0.2827 -0.3671
vn 0.9197 0.0953 -0.3809
vn 0.9197 -0.0953 -0.3809
vn 0.8862 -0.2827 -0.3671
vn 0.8199 -0.4608 -0.3396
vn 0.7225 -0.6232 -0.2993
vn 0.5967 -0.7635 -0.2472
vn 0.4464 -0.8755 -0.1849
vn 0.2654 -0.9579 -0.1099
vn 0.1246 0.9887 -0.0833
vn 0.1413 -0.9855 -0.0944
vn 0.8164 -0.1898 -0.5455
vn 0.8315 -0.0000 -0.5556
vn 0.3283 0.9187 -0.2194
vn 0.7714 -0.3733 -0.5154
vn 0.4719 0.8234 -0.3153
vn 0.6975 -0.5444 -0.4660
vn 0.5967 0.6965 -0.3987
vn 0.5967 -0.6965 -0.3987
vn 0.6975 0.5444 -0.4660
vn 0.4719 -0.8234 -0.3153
vn 0.7714 0.3733 -0.5154
vn 0.3283 -0.9187 -0.2194
vn 0.8164 0.1898 -0.5455
vn 0.2878 0.9577 -0.0000
vn 0.4832 0.8755 -0.0000
vn 0.6459 0.7635 -0.0000
vn 0.7821 0.6232 -0.0000
vn 0.8875 0.4608 -0.0000
vn 0.9592 0.2827 -0.0000
vn 0.9955 0.0953 -0.0000
vn 0.9955 -0.0953 -0.0000
vn 0.9592 -0.2827 -0.0000
vn 0.8875 -0.4608 -0.0000
vn 0.7821 -0.6232 -0.0000
vn 0.6459 -0.7635 -0.0000
vn 0.4832 -0.8755 -0.0000
vn 0.2872 -0.9579 -0.0000
vn 0.8227 0.5444 -0.1637
vn 0.7038 0.6965 -0.1400
vn 0.5566 -0.8234 -0.1107
vn 0.7038 -0.6965 -0.1400
vn 0.9099 0.3733 -0.1810
vn 0.3873 -0.9187 -0.0770
vn 0.9630 0.1898 -0.1915
vn 0.1666 -0.9855 -0.0331
vn 0.9808 -0.0000 -0.1951
vn 0.1470 0.9887 -0.0292
vn 0.9630 -0.1898 -0.1915
vn 0.3873 0.9187 -0.0770
vn 0.9099 -0.3733 -0.1810
vn 0.5566 0.8234 -0.1107
vn 0.8227 -0.5444 -0.1637
vn 0.2659 0.9577 0.1101
vn 0.4464 0.8755 0.1849
vn 0.5967 0.7635 0.2472
vn 0.7225 0.6232 0.2993
vn 0.8199 0.4608 0.3396
vn 0.8862 0.2827 0.3671
vn 0.9197 0.0953 0.3809
vn 0.9197 -0.0953 0.3809
vn 0.8862 -0.2827 0.3671
vn 0.8199 -0.4608 0.3396
vn 0.7225 -0.6232 0.2993
vn 0.5967 -0.7635 0.2472
vn 0.4464 -0.8755 0.1849
vn 0.2654 -0.9579 0.1099
vn 0.9630 -0.1898 0.1915
vn 0.9808 -0.0000 0.1951
vn 0.3873 0.9187 0.0770
vn 0.1470 0.9887 0.0292
vn 0.9099 -0.3733 0.1810
vn 0.5566 0.8234 0.1107
vn 0.8227 -0.5444 0.1637
vn 0.7038 0.6965 0.1400
vn 0.7038 -0.6965 0.1400
vn 0.8227 0.5444 0.1637
vn 0.5566 -0.8234 0.1107
vn 0.9099 0.3733 0.1810
vn 0.3873 -0.9187 0.0770
vn 0.9630 0.1898 0.1915
vn 0.1666 -0.9855 0.0331
vn 0.2035 0.9577 0.2035
vn 0.3417 0.8755 0.3417
vn 0.4567 0.7635 0.4567
vn 0.5530 0.6232 0.5530
vn 0.6276 0.4608 0.6276
vn 0.6783 0.2827 0.6783
vn 0.7039 0.0953 0.7039
vn 0.7039 -0.0953 0.7039
vn 0.6783 -0.2827 0.6783
vn 0.6276 -0.4608 0.6276
vn 0.5530 -0.6232 0.5530
vn 0.4567 -0.7635 0.4567
vn 0.3417 -0.8755 0.3417
vn 0.2031 -0.9579 0.2031
vn 0.4719 -0.8234 0.3153
vn 0.5967 -0.6965 0.3987
vn 0.7714 0.3733 0.5154
vn 0.6975 0.5444 0.4660
vn 0.3283 -0.9187 0.2194
vn 0.8164 0.1898 0.5455
vn 0.1413 -0.9855 0.0944
vn 0.8315 -0.0000 0.5556
vn 0.1246 0.9887 0.0833
vn 0.8164 -0.1898 0.5455
vn 0.3283 0.9187 0.2194
vn 0.7714 -0.3733 0.5154
vn 0.4719 0.8234 0.3153
vn 0.6975 -0.5444 0.4660
vn 0.5967 0.6965 0.3987
vn 0.1101 0.9577 0.2659
vn 0.1849 0.8755 0.4464
vn 0.2472 0.7635 0.5967
vn 0.2993 0.6232 0.7225
vn 0.3396 0.4608 0.8199
vn 0.3671 0.2827 0.8862
vn 0.3809 0.0953 0.9197
vn 0.3809 -0.0953 0.9197
vn 0.3671 -0.2827 0.8862
vn 0.3396 -0.4608 0.8199
vn 0.2993 -0.6232 0.7225
vn 0.2472 -0.7635 0.5967
vn 0.1849 -0.8755 0.4464
vn 0.1099 -0.9579 0.2654
vn 0.5154 -0.3733 0.7714
vn 0.5455 -0.1898 0.8164
vn 0.3153 0.8234 0.4719
vn 0.2194 0.9187 0.3283
vn 0.4660 -0.5444 0.6975
vn 0.3987 0.6965 0.5967
vn 0.3987 -0.6965 0.5967
vn 0.4660 0.5444 0.6975
vn 0.3153 -0.8234 0.4719
vn 0.5154 0.3733 0.7714
vn 0.2194 -0.9187 0.3283
vn 0.5455 0.1898 0.8164
vn 0.0944 -0.9855 0.1413
vn 0.5556 -0.0000 0.8315
vn 0.0833 0.9887 0.1246
vn -0.0000 0.9577 0.2878
vn -0.0000 0.8755 0.4832
vn -0.0000 0.7635 0.6459
vn -0.0000 0.6232 0.7821
vn -0.0000 0.4608 0.8875
vn -0.0000 0.2827 0.9592
vn -0.0000 0.0953 0.9955
vn -0.0000 -0.0953 0.9955
vn -0.0000 -0.2827 0.9592
vn -0.0000 -0.4608 0.8875
vn -0.0000 -0.6232 0.7821
vn -0.0000 -0.7635 0.6459
vn -0.0000 -0.8755 0.4832
vn -0.0000 -0.9579 0.2872
vn 0.0770 -0.9187 0.3873
vn 0.1107 -0.8234 0.5566
vn 0.1915 0.1898 0.9630
vn 0.1810 0.3733 0.9099
vn 0.0331 -0.9855 0.1666
vn 0.1951 -0.0000 0.9808
vn 0.0292 0.9887 0.1470
vn 0.1915 -0.1898 0.9630
vn 0.0770 0.9187 0.3873
vn 0.1810 -0.3733 0.9099
vn 0.1107 0.8234 0.5566
vn 0.1637 -0.5444 0.8227
vn 0.1400 0.6965 0.7038
vn 0.1400 -0.6965 0.7038
vn 0.1637 0.5444 0.8227
vn -0.1101 0.9577 0.2659
vn -0.1849 0.8755 0.4464
vn -0.2472 0.7635 0.5967
vn -0.2993 0.6232 0.7225
vn -0.3396 0.4608 0.8199
vn -0.3671 0.2827 0.8862
vn -0.3809 0.0953 0.9197
vn -0.3809 -0.0953 0.9197
vn -0.3671 -0.2827 0.8862
vn -0.3396 -0.4608 0.8199
vn -0.2993 -0.6232 0.7225
vn -0.2472 -0.7635 0.5967
vn -0.1849 -0.8755 0.4464
vn -0.1099 -0.9579 0.2654
vn -0.1107 0.8234 0.5566
vn -0.0770 0.9187 0.3873
vn -0.1637 -0.5444 0.8227
vn -0.1810 -0.3733 0.9099
vn -0.1400 0.6965 0.7038
vn -0.1400 -0.6965 0.7038
vn -0.1637 0.5444 0.8227
vn -0.1107 -0.8234 0.5566
vn -0.1810 0.3733 0.9099
vn -0.0770 -0.9187 0.3873
vn -0.1915 0.1898 0.9630
vn -0.0331 -0.9855 0.1666
vn -0.1951 -0.0000 0.9808
vn -0.0292 0.9887 0.1470
vn -0.1915 -0.1898 0.9630
vn -0.2035 0.9577 0.2035
vn -0.3417 0.8755 0.3417
vn -0.4567 0.7635 0.4567
vn -0.5530 0.6232 0.5530
vn -0.6276 0.4608 0.6276
vn -0.6783 0.2827 0.6783
vn -0.7039 0.0953 0.7039
vn -0.7039 -0.0953 0.7039
vn -0.6783 -0.2827 0.6783
vn -0.6276 -0.4608 0.6276
vn -0.5530 -0.6232 0.5530
vn -0.4567 -0.7635 0.4567
vn -0.3417 -0.8755 0.3417
vn -0.2031 -0.9579 0.2031
vn -0.5455 0.1898 0.8164
vn -0.5154 0.3733 0.7714
vn -0.0944 -0.9855 0.1413
vn -0.2194 -0.9187 0.3283
vn -0.5556 -0.0000 0.8315
vn -0.0833 0.9887 0.1246
vn -0.5455 -0.1898 0.8164
vn -0.2194 0.9187 0.3283
vn -0.5154 -0.3733 0.7714
vn -0.3153 0.8234 0.4719
vn -0.4660 -0.5444 0.6975
vn -0.3987 0.6965 0.5967
vn -0.3987 -0.6965 0.5967
vn -0.4660 0.5444 0.6975
vn -0.3153 -0.8234 0.4719
vn -0.2659 0.9577 0.1101
vn -0.4464 0.8755 0.1849
vn -0.5967 0.7635 0.2472
vn -0.7225 0.6232 0.2993
vn -0.8199 0.4608 0.3396
vn -0.8862 0.2827 0.3671
vn -0.9197 0.0953 0.3809
vn -0.9197 -0.0953 0.3809
vn -0.8862 -0.2827 0.3671
vn -0.8199 -0.4608 0.3396
vn -0.7225 -0.6232 0.2993
vn -0.5967 -0.7635 0.2472
vn -0.4464 -0.8755 0.1849
vn -0.2654 -0.9579 0.1099
vn -0.6975 -0.5444 0.4660
vn -0.7714 -0.3733 0.5154
vn -0.5967 0.6965 0.3987
vn -0.4719 0.8234 0.3153
vn -0.5967 -0.6965 0.3987
vn -0.6975 0.5444 0.4660
vn -0.4719 -0.8234 0.3153
vn -0.7714 0.3733 0.5154
vn -0.3283 -0.9187 0.2194
vn -0.8164 0.1898 0.5455
vn -0.1413 -0.9855 0.0944
vn -0.8315 -0.0000 0.5556
vn -0.1246 0.9887 0.0833
vn -0.8164 -0.1898 0.5455
vn -0.3283 0.9187 0.2194
vn -0.2878 0.9577 -0.0000
vn -0.4832 0.8755 -0.0000
vn -0.6459 0.7635 -0.0000
vn -0.7821 0.6232 -0.0000
vn -0.8875 0.4608 -0.0000
vn -0.9592 0.2827 -0.0000
vn -0.9955 0.0953 -0.0000
vn -0.9955 -0.0953 -0.0000
vn -0.9592 -0.2827 -0.0000
vn -0.8875 -0.4608 -0.0000
vn -0.7821 -0.6232 -0.0000
vn -0.6459 -0.7635 -0.0000
vn -0.4832 -0.8755 -0.0000
vn -0.2872 -0.9579 -0.0000
vn -0.1666 -0.9855 0.0331
vn -0.3873 -0.9187 0.0770
vn -0.9808 -0.0000 0.1951
vn -0.9630 0.1898 0.1915
vn -0.1470 0.9887 0.0292
vn -0.9630 -0.1898 0.1915
vn -0.3873 0.9187 0.0770
vn -0.9099 -0.3733 0.1810
vn -0.5566 0.8234 0.1107
vn -0.8227 -0.5444 0.1637
vn -0.7038 0.6965 0.1400
vn -0.7038 -0.6965 0.1400
vn -0.8227 0.5444 0.1637
vn -0.5566 -0.8234 0.1107
vn -0.9099 0.3733 0.1810
vn -0.2659 0.9577 -0.1101
vn -0.4464 0.8755 -0.1849
vn -0.5967 0.7635 -0.2472
vn -0.7225 0.6232 -0.2993
vn -0.8199 0.4608 -0.3396
vn -0.8862 0.2827 -0.3671
vn -0.9197 0.0953 -0.3809
vn -0.9197 -0.0953 -0.3809
vn -0.8862 -0.2827 -0.3671
vn -0.8199 -0.4608 -0.3396
vn -0.7225 -0.6232 -0.2993
vn -0.5967 -0.7635 -0.2472
vn -0.4464 -0.8755 -0.1849
vn -0.2654 -0.9579 -0.1099
vn -0.7038 0.6965 -0.1400
vn -0.5566 0.8234 -0.1107
vn -0.7038 -0.6965 -0.1400
vn -0.8227 -0.5444 -0.1637
vn -0.8227 0.5444 -0.1637
vn -0.5566 -0.8234 -0.1107
vn -0.9099 0.3733 -0.1810
vn -0.3873 -0.9187 -0.0770
vn -0.9630 0.1898 -0.1915
vn -0.1666 -0.9855 -0.0331
vn -0.9808 -0.0000 -0.1951
vn -0.1470 0.9887 -0.0292
vn -0.9630 -0.1898 -0.1915
vn -0.3873 0.9187 -0.0770
vn -0.9099 -0.3733 -0.1810
vn -0.2035 0.9577 -0.2035
vn -0.3417 0.8755 -0.3417
vn -0.4567 0.7635 -0.4567
vn -0.5530 0.6232 -0.5530
vn -0.6276 0.4608 -0.6276
vn -0.6783 0.2827 -0.6783
vn -0.7039 0.0953 -0.7039
vn -0.7039 -0.0953 -0.7039
vn -0.6783 -0.2827 -0.6783
vn -0.6276 -0.4608 -0.6276
vn -0.5530 -0.6232 -0.5530
vn -0.4567 -0.7635 -0.4567
vn -0.3417 -0.8755 -0.3417
vn -0.2031 -0.9579 -0.2031
vn -0.8315 -0.0000 -0.5556
vn -0.8164 0.1898 -0.5455
vn -0.1246 0.9887 -0.0833
vn -0.1413 -0.9855 -0.0944
vn -0.8164 -0.1898 -0.5455
vn -0.3283 0.9187 -0.2194
vn -0.7714 -0.3733 -0.5154
vn -0.4719 0.8234 -0.3153
vn -0.6975 -0.5444 -0.4660
vn -0.5967 0.6965 -0.3987
vn -0.5967 -0.6965 -0.3987
vn -0.6975 0.5444 -0.4660
vn -0.4719 -0.8234 -0.3153
vn -0.7714 0.3733 -0.5154
vn -0.3283 -0.9187 -0.2194
vn -0.1101 0.9577 -0.2659
vn -0.1849 0.8755 -0.4464
vn -0.2472 0.7635 -0.5967
vn -0.2993 0.6232 -0.7225
vn -0.3396 0.4608 -0.8199
vn -0.3671 0.2827 -0.8862
vn -0.3809 0.0953 -0.9197
vn -0.3809 -0.0953 -0.9197
vn -0.3671 -0.2827 -0.8862
vn -0.3396 -0.4608 -0.8199
vn -0.2993 -0.6232 -0.7225
vn -0.2472 -0.7635 -0.5967
vn -0.1849 -0.8755 -0.4464
vn -0.1099 -0.9579 -0.2654
vn -0.3987 -0.6965 -0.5967
vn -0.4660 -0.5444 -0.6975
vn -0.4660 0.5444 -0.6975
vn -0.3987 0.6965 -0.5967
vn -0.3153 -0.8234 -0.4719
vn -0.5154 0.3733 -0.7714
vn -0.2194 -0.9187 -0.3283
vn -0.5455 0.1898 -0.8164
vn -0.0944 -0.9855 -0.1413
vn -0.5556 -0.0000 -0.8315
vn -0.0833 0.9887 -0.1246
vn -0.5455 -0.1898 -0.8164
vn -0.2194 0.9187 -0.3283
vn -0.5154 -0.3733 -0.7714
vn -0.3153 0.8234 -0.4719
vn -0.1951 -0.0000 -0.9808
vn -0.1810 -0.3733 -0.9099
vn -0.1107 0.8234 -0.5566
vn -0.1400 -0.6965 -0.7038
vn -0.1637 0.5444 -0.8227
vn -0.0000 0.8755 -0.4832
vn -0.0000 0.7635 -0.6459
vn -0.0000 0.6232 -0.7821
vn -0.0000 0.4608 -0.8875
vn -0.0000 0.0953 -0.9955
vn -0.0000 -0.0953 -0.9955
vn -0.0000 -0.2827 -0.9592
vn -0.0000 -0.4608 -0.8875
vn -0.0000 -0.6232 -0.7821
vn -0.0000 -0.7635 -0.6459
vn 0.1400 -0.6965 -0.7038
vn 0.1637 0.5444 -0.8227
vn 0.1951 -0.0000 -0.9808
vn 0.1810 -0.3733 -0.9099
vn 0.1107 0.8234 -0.5566
vn -0.0331 -0.9855 -0.1666
vn -0.1915 -0.1898 -0.9630
vn -0.0770 0.9187 -0.3873
vn -0.0292 0.9887 -0.1470
vn -0.1637 -0.5444 -0.8227
vn -0.1400 0.6965 -0.7038
vn -0.1107 -0.8234 -0.5566
vn -0.1810 0.3733 -0.9099
vn -0.0770 -0.9187 -0.3873
vn -0.1915 0.1898 -0.9630
vn 0.1260 -0.7634 -0.6335
vn 0.1731 0.4608 -0.8704
vn 0.0943 -0.8755 -0.4739
vn 0.1871 0.2827 -0.9408
vn 0.0561 -0.9578 -0.2818
vn 0.1942 0.0953 -0.9763
vn 0.1942 -0.0953 -0.9763
vn 0.0562 0.9577 -0.2824
vn 0.1871 -0.2827 -0.9408
vn 0.0943 0.8755 -0.4739
vn 0.1731 -0.4608 -0.8704
vn 0.1260 0.7634 -0.6335
vn 0.1526 -0.6232 -0.7671
vn 0.1526 0.6232 -0.7671
vn 0.4345 -0.6232 -0.6503
vn 0.4345 0.6232 -0.6503
vn 0.3588 -0.7634 -0.5370
vn 0.4931 0.4608 -0.7379
vn 0.2685 -0.8755 -0.4018
vn 0.5329 0.2827 -0.7975
vn 0.1596 -0.9578 -0.2389
vn 0.5530 0.0953 -0.8277
vn 0.5530 -0.0953 -0.8277
vn 0.1599 0.9577 -0.2394
vn 0.5329 -0.2827 -0.7975
vn 0.2685 0.8755 -0.4018
vn 0.4931 -0.4608 -0.7379
vn 0.3588 0.7634 -0.5370
vn 0.8277 -0.0953 -0.5530
vn 0.2394 0.9577 -0.1599
vn 0.7975 -0.2827 -0.5329
vn 0.4018 0.8755 -0.2685
vn 0.7379 -0.4608 -0.4931
vn 0.5370 0.7634 -0.3588
vn 0.6503 -0.6232 -0.4345
vn 0.6503 0.6232 -0.4345
vn 0.5370 -0.7634 -0.3588
vn 0.7379 0.4608 -0.4931
vn 0.4018 -0.8755 -0.2685
vn 0.7975 0.2827 -0.5329
vn 0.2389 -0.9578 -0.1596
vn 0.8277 0.0953 -0.5530
vn 0.7671 0.6232 -0.1526
vn 0.6335 -0.7634 -0.1260
vn 0.8704 0.4608 -0.1731
vn 0.4739 -0.8755 -0.0943
vn 0.9408 0.2827 -0.1871
vn 0.2818 -0.9578 -0.0561
vn 0.9763 0.0953 -0.1942
vn 0.9763 -0.0953 -0.1942
vn 0.2824 0.9577 -0.0562
vn 0.9408 -0.2827 -0.1871
vn 0.4739 0.8755 -0.0943
vn 0.8704 -0.4608 -0.1731
vn 0.6335 0.7634 -0.1260
vn 0.7671 -0.6232 -0.1526
vn 0.9763 -0.0953 0.1942
vn 0.2824 0.9577 0.0562
vn 0.9408 -0.2827 0.1871
vn 0.4739 0.8755 0.0943
vn 0.8704 -0.4608 0.1731
vn 0.6335 0.7634 0.1260
vn 0.7671 -0.6232 0.1526
vn 0.7671 0.6232 0.1526
vn 0.6335 -0.7634 0.1260
vn 0.8704 0.4608 0.1731
vn 0.4739 -0.8755 0.0943
vn 0.9408 0.2827 0.1871
vn 0.2818 -0.9578 0.0561
vn 0.9763 0.0953 0.1942
vn 0.5370 -0.7634 0.3588
vn 0.7379 0.4608 0.4931
vn 0.4018 -0.8755 0.2685
vn 0.7975 0.2827 0.5329
vn 0.2389 -0.9578 0.1596
vn 0.8277 0.0953 0.5530
vn 0.8277 -0.0953 0.5530
vn 0.2394 0.9577 0.1599
vn 0.7975 -0.2827 0.5329
vn 0.4018 0.8755 0.2685
vn 0.7379 -0.4608 0.4931
vn 0.5370 0.7634 0.3588
vn 0.6503 -0.6232 0.4345
vn 0.6503 0.6232 0.4345
vn 0.5329 -0.2827 0.7975
vn 0.2685 0.8755 0.4018
vn 0.4931 -0.4608 0.7379
vn 0.3588 0.7634 0.5370
vn 0.4345 -0.6232 0.6503
vn 0.4345 0.6232 0.6503
vn 0.3588 -0.7634 0.5370
vn 0.4931 0.4608 0.7379
vn 0.2685 -0.8755 0.4018
vn 0.5329 0.2827 0.7975
vn 0.1596 -0.9578 0.2389
vn 0.5530 0.0953 0.8277
vn 0.5530 -0.0953 0.8277
vn 0.1599 0.9577 0.2394
vn 0.0943 -0.8755 0.4739
vn 0.1871 0.2827 0.9408
vn 0.0561 -0.9578 0.2818
vn 0.1942 0.0953 0.9763
vn 0.1942 -0.0953 0.9763
vn 0.0562 0.9577 0.2824
vn 0.1871 -0.2827 0.9408
vn 0.0943 0.8755 0.4739
vn 0.1731 -0.4608 0.8704
vn 0.1260 0.7634 0.6335
vn 0.1526 -0.6232 0.7671
vn 0.1526 0.6232 0.7671
vn 0.1260 -0.7634 0.6335
vn 0.1731 0.4608 0.8704
vn -0.0943 0.8755 0.4739
vn -0.1731 -0.4608 0.8704
vn -0.1260 0.7634 0.6335
vn -0.1526 -0.6232 0.7671
vn -0.1526 0.6232 0.7671
vn -0.1260 -0.7634 0.6335
vn -0.1731 0.4608 0.8704
vn -0.0943 -0.8755 0.4739
vn -0.1871 0.2827 0.9408
vn -0.0561 -0.9578 0.2818
vn -0.1942 0.0953 0.9763
vn -0.1942 -0.0953 0.9763
vn -0.0562 0.9577 0.2824
vn -0.1871 -0.2827 0.9408
vn -0.5329 0.2827 0.7975
vn -0.1596 -0.9578 0.2389
vn -0.5530 0.0953 0.8277
vn -0.5530 -0.0953 0.8277
vn -0.1599 0.9577 0.2394
vn -0.5329 -0.2827 0.7975
vn -0.2685 0.8755 0.4018
vn -0.4931 -0.4608 0.7379
vn -0.3588 0.7634 0.5370
vn -0.4345 -0.6232 0.6503
vn -0.4345 0.6232 0.6503
vn -0.3588 -0.7634 0.5370
vn -0.4931 0.4608 0.7379
vn -0.2685 -0.8755 0.4018
vn -0.7379 -0.4608 0.4931
vn -0.5370 0.7634 0.3588
vn -0.6503 -0.6232 0.4345
vn -0.6503 0.6232 0.4345
vn -0.5370 -0.7634 0.3588
vn -0.7379 0.4608 0.4931
vn -0.4018 -0.8755 0.2685
vn -0.7975 0.2827 0.5329
vn -0.2389 -0.9578 0.1596
vn -0.8277 0.0953 0.5530
vn -0.8277 -0.0953 0.5530
vn -0.2394 0.9577 0.1599
vn -0.7975 -0.2827 0.5329
vn -0.4018 0.8755 0.2685
vn -0.2818 -0.9578 0.0561
vn -0.9763 0.0953 0.1942
vn -0.9763 -0.0953 0.1942
vn -0.2824 0.9577 0.0562
vn -0.9408 -0.2827 0.1871
vn -0.4739 0.8755 0.0943
vn -0.8704 -0.4608 0.1731
vn -0.6335 0.7634 0.1260
vn -0.7671 -0.6232 0.1526
vn -0.7671 0.6232 0.1526
vn -0.6335 -0.7634 0.1260
vn -0.8704 0.4608 0.1731
vn -0.4739 -0.8755 0.0943
vn -0.9408 0.2827 0.1871
vn -0.6335 0.7634 -0.1260
vn -0.7671 -0.6232 -0.1526
vn -0.7671 0.6232 -0.1526
vn -0.6335 -0.7634 -0.1260
vn -0.8704 0.4608 -0.1731
vn -0.4739 -0.8755 -0.0943
vn -0.9408 0.2827 -0.1871
vn -0.2818 -0.9578 -0.0561
vn -0.9763 0.0953 -0.1942
vn -0.9763 -0.0953 -0.1942
vn -0.2824 0.9577 -0.0562
vn -0.9408 -0.2827 -0.1871
vn -0.4739 0.8755 -0.0943
vn -0.8704 -0.4608 -0.1731
vn -0.8277 0.0953 -0.5530
vn -0.8277 -0.0953 -0.5530
vn -0.2394 0.9577 -0.1599
vn -0.7975 -0.2827 -0.5329
vn -0.4018 0.8755 -0.2685
vn -0.7379 -0.4608 -0.4931
vn -0.5370 0.7634 -0.3588
vn -0.6503 -0.6232 -0.4345
vn -0.6503 0.6232 -0.4345
vn -0.5370 -0.7634 -0.3588
vn -0.7379 0.4608 -0.4931
vn -0.4018 -0.8755 -0.2685
vn -0.7975 0.2827 -0.5329
vn -0.2389 -0.9578 -0.1596
vn -0.4345 -0.6232 -0.6503
vn -0.4345 0.6232 -0.6503
vn -0.3588 -0.7634 -0.5370
vn -0.4931 0.4608 -0.7379
vn -0.2685 -0.8755 -0.4018
vn -0.5329 0.2827 -0.7975
vn -0.1596 -0.9578 -0.2389
vn -0.5530 0.0953 -0.8277
vn -0.5530 -0.0953 -0.8277
vn -0.1599 0.9577 -0.2394
vn -0.5329 -0.2827 -0.7975
vn -0.2685 0.8755 -0.4018
vn -0.4931 -0.4608 -0.7379
vn -0.3588 0.7634 -0.5370
vn -0.1942 -0.0953 -0.9763
vn -0.0562 0.9577 -0.2824
vn -0.1871 -0.2827 -0.9408
vn -0.0943 0.8755 -0.4739
vn -0.1731 -0.4608 -0.8704
vn -0.1260 0.7634 -0.6335
vn -0.1526 -0.6232 -0.7671
vn -0.1526 0.6232 -0.7671
vn -0.1260 -0.7634 -0.6335
vn -0.1731 0.4608 -0.8704
vn -0.0943 -0.8755 -0.4739
vn -0.1871 0.2827 -0.9408
vn -0.0561 -0.9578 -0.2818
vn -0.1942 0.0953 -0.9763
vt 0.750000 0.187500
vt 0.750000 0.218750
vt 0.718750 0.218750
vt 0.718750 0.187500
vt 0.750000 0.250000
vt 0.718750 0.250000
vt 0.687500 0.250000
vt 0.687500 0.218750
vt 0.687500 0.187500
vt 0.750000 0.625000
vt 0.750000 0.656250
vt 0.718750 0.656250
vt 0.718750 0.625000
vt 0.750000 0.687500
vt 0.718750 0.687500
vt 0.687500 0.687500
vt 0.687500 0.656250
vt 0.687500 0.625000
vt 0.750000 0.125000
vt 0.750000 0.156250
vt 0.718750 0.156250
vt 0.718750 0.125000
vt 0.687500 0.156250
vt 0.687500 0.125000
vt 0.750000 0.562500
vt 0.750000 0.593750
vt 0.718750 0.593750
vt 0.718750 0.562500
vt 0.687500 0.593750
vt 0.687500 0.562500
vt 0.751378 0.057945
vt 0.750000 0.093895
vt 0.718750 0.094039
vt 0.720128 0.059852
vt 0.687500 0.093895
vt 0.688878 0.057945
vt 0.750000 0.500000
vt 0.750000 0.531250
vt 0.718750 0.531250
vt 0.718750 0.500000
vt 0.687500 0.531250
vt 0.687500 0.500000
vt 0.749064 0.940594
vt 0.718750 0.957899
vt 0.717814 0.938556
vt 0.686564 0.940594
vt 0.703125 0.968750
vt 0.734375 0.031250
vt 0.718750 0.042101
vt 0.750000 0.437500
vt 0.750000 0.468750
vt 0.718750 0.468750
vt 0.718750 0.437500
vt 0.687500 0.468750
vt 0.687500 0.437500
vt 0.750000 0.875000
vt 0.750000 0.906105
vt 0.718750 0.905961
vt 0.718750 0.875000
vt 0.687500 0.906105
vt 0.687500 0.875000
vt 0.750000 0.375000
vt 0.750000 0.406250
vt 0.718750 0.406250
vt 0.718750 0.375000
vt 0.687500 0.406250
vt 0.687500 0.375000
vt 0.750000 0.812500
vt 0.750000 0.843750
vt 0.718750 0.843750
vt 0.718750 0.812500
vt 0.687500 0.843750
vt 0.687500 0.812500
vt 0.750000 0.312500
vt 0.750000 0.343750
vt 0.718750 0.343750
vt 0.718750 0.312500
vt 0.687500 0.343750
vt 0.687500 0.312500
vt 0.750000 0.750000
vt 0.750000 0.781250
vt 0.718750 0.781250
vt 0.718750 0.750000
vt 0.687500 0.781250
vt 0.687500 0.750000
vt 0.750000 0.281250
vt 0.718750 0.281250
vt 0.687500 0.281250
vt 0.750000 0.718750
vt 0.718750 0.718750
vt 0.687500 0.718750
vt 0.656250 0.281250
vt 0.656250 0.250000
vt 0.656250 0.312500
vt 0.625000 0.312500
vt 0.625000 0.281250
vt 0.625000 0.250000
vt 0.656250 0.718750
vt 0.656250 0.687500
vt 0.656250 0.750000
vt 0.625000 0.750000
vt 0.625000 0.718750
vt 0.625000 0.687500
vt 0.656250 0.218750
vt 0.656250 0.187500
vt 0.625000 0.218750
vt 0.625000 0.187500
vt 0.656250 0.656250
vt 0.656250 0.625000
vt 0.625000 0.656250
vt 0.625000 0.625000
vt 0.656250 0.156250
vt 0.656250 0.125000
vt 0.625000 0.156250
vt 0.625000 0.125000
vt 0.656250 0.593750
vt 0.656250 0.562500
vt 0.625000 0.593750
vt 0.625000 0.562500
vt 0.656250 0.094039
vt 0.657628 0.059852
vt 0.625000 0.093895
vt 0.626378 0.057945
vt 0.656250 0.531250
vt 0.656250 0.500000
vt 0.625000 0.531250
vt 0.625000 0.500000
vt 0.656250 0.957899
vt 0.655314 0.938556
vt 0.624064 0.940594
vt 0.640625 0.968750
vt 0.671875 0.031250
vt 0.656250 0.042101
vt 0.656250 0.468750
vt 0.656250 0.437500
vt 0.625000 0.468750
vt 0.625000 0.437500
vt 0.656250 0.905961
vt 0.656250 0.875000
vt 0.625000 0.906105
vt 0.625000 0.875000
vt 0.656250 0.406250
vt 0.656250 0.375000
vt 0.625000 0.406250
vt 0.625000 0.375000
vt 0.656250 0.843750
vt 0.656250 0.812500
vt 0.625000 0.843750
vt 0.625000 0.812500
vt 0.656250 0.343750
vt 0.625000 0.343750
vt 0.656250 0.781250
vt 0.625000 0.781250
vt 0.593750 0.957899
vt 0.592814 0.938556
vt 0.561564 0.940594
vt 0.578125 0.968750
vt 0.595128 0.059852
vt 0.609375 0.031250
vt 0.563878 0.057945
vt 0.593750 0.042101
vt 0.593750 0.468750
vt 0.593750 0.437500
vt 0.593750 0.500000
vt 0.562500 0.500000
vt 0.562500 0.468750
vt 0.562500 0.437500
vt 0.593750 0.905961
vt 0.593750 0.875000
vt 0.562500 0.906105
vt 0.562500 0.875000
vt 0.593750 0.406250
vt 0.593750 0.375000
vt 0.562500 0.406250
vt 0.562500 0.375000
vt 0.593750 0.843750
vt 0.593750 0.812500
vt 0.562500 0.843750
vt 0.562500 0.812500
vt 0.593750 0.343750
vt 0.593750 0.312500
vt 0.562500 0.343750
vt 0.562500 0.312500
vt 0.593750 0.781250
vt 0.593750 0.750000
vt 0.562500 0.781250
vt 0.562500 0.750000
vt 0.593750 0.281250
vt 0.593750 0.250000
vt 0.562500 0.281250
vt 0.562500 0.250000
vt 0.593750 0.718750
vt 0.593750 0.687500
vt 0.562500 0.718750
vt 0.562500 0.687500
vt 0.593750 0.218750
vt 0.593750 0.187500
vt 0.562500 0.218750
vt 0.562500 0.187500
vt 0.593750 0.656250
vt 0.593750 0.625000
vt 0.562500 0.656250
vt 0.562500 0.625000
vt 0.593750 0.156250
vt 0.593750 0.125000
vt 0.562500 0.156250
vt 0.562500 0.125000
vt 0.593750 0.593750
vt 0.593750 0.562500
vt 0.562500 0.593750
vt 0.562500 0.562500
vt 0.593750 0.094039
vt 0.562500 0.093895
vt 0.593750 0.531250
vt 0.562500 0.531250
vt 0.531250 0.718750
vt 0.531250 0.687500
vt 0.531250 0.750000
vt 0.500000 0.750000
vt 0.500000 0.718750
vt 0.500000 0.687500
vt 0.531250 0.218750
vt 0.531250 0.187500
vt 0.531250 0.250000
vt 0.500000 0.250000
vt 0.500000 0.218750
vt 0.500000 0.187500
vt 0.531250 0.656250
vt 0.531250 0.625000
vt 0.500000 0.656250
vt 0.500000 0.625000
vt 0.531250 0.156250
vt 0.531250 0.125000
vt 0.500000 0.156250
vt 0.500000 0.125000
vt 0.531250 0.593750
vt 0.531250 0.562500
vt 0.500000 0.593750
vt 0.500000 0.562500
vt 0.531250 0.094039
vt 0.532628 0.059851
vt 0.500000 0.093895
vt 0.501378 0.057945
vt 0.531250 0.531250
vt 0.531250 0.500000
vt 0.500000 0.531250
vt 0.500000 0.500000
vt 0.531250 0.957899
vt 0.530314 0.938556
vt 0.499064 0.940594
vt 0.515625 0.968750
vt 0.546875 0.031250
vt 0.531250 0.042101
vt 0.531250 0.468750
vt 0.531250 0.437500
vt 0.500000 0.468750
vt 0.500000 0.437500
vt 0.531250 0.905961
vt 0.531250 0.875000
vt 0.500000 0.906105
vt 0.500000 0.875000
vt 0.531250 0.406250
vt 0.531250 0.375000
vt 0.500000 0.406250
vt 0.500000 0.375000
vt 0.531250 0.843750
vt 0.531250 0.812500
vt 0.500000 0.843750
vt 0.500000 0.812500
vt 0.531250 0.343750
vt 0.531250 0.312500
vt 0.500000 0.343750
vt 0.500000 0.312500
vt 0.531250 0.781250
vt 0.500000 0.781250
vt 0.531250 0.281250
vt 0.500000 0.281250
vt 0.468750 0.468750
vt 0.468750 0.437500
vt 0.468750 0.500000
vt 0.437500 0.500000
vt 0.437500 0.468750
vt 0.437500 0.437500
vt 0.468750 0.905961
vt 0.468750 0.875000
vt 0.467814 0.938556
vt 0.436564 0.940594
vt 0.437500 0.906105
vt 0.437500 0.875000
vt 0.468750 0.406250
vt 0.468750 0.375000
vt 0.437500 0.406250
vt 0.437500 0.375000
vt 0.468750 0.843750
vt 0.468750 0.812500
vt 0.437500 0.843750
vt 0.437500 0.812500
vt 0.468750 0.343750
vt 0.468750 0.312500
vt 0.437500 0.343750
vt 0.437500 0.312500
vt 0.468750 0.781250
vt 0.468750 0.750000
vt 0.437500 0.781250
vt 0.437500 0.750000
vt 0.468750 0.281250
vt 0.468750 0.250000
vt 0.437500 0.281250
vt 0.437500 0.250000
vt 0.468750 0.718750
vt 0.468750 0.687500
vt 0.437500 0.718750
vt 0.437500 0.687500
vt 0.468750 0.218750
vt 0.468750 0.187500
vt 0.437500 0.218750
vt 0.437500 0.187500
vt 0.468750 0.656250
vt 0.468750 0.625000
vt 0.437500 0.656250
vt 0.437500 0.625000
vt 0.468750 0.156250
vt 0.468750 0.125000
vt 0.437500 0.156250
vt 0.437500 0.125000
vt 0.468750 0.593750
vt 0.468750 0.562500
vt 0.437500 0.593750
vt 0.437500 0.562500
vt 0.468750 0.094039
vt 0.470128 0.059852
vt 0.437500 0.093895
vt 0.438878 0.057945
vt 0.468750 0.531250
vt 0.437500 0.531250
vt 0.468750 0.957899
vt 0.453125 0.968750
vt 0.484375 0.031250
vt 0.468750 0.042101
vt 0.406250 0.218750
vt 0.406250 0.187500
vt 0.406250 0.250000
vt 0.375000 0.250000
vt 0.375000 0.218750
vt 0.375000 0.187500
vt 0.406250 0.656250
vt 0.406250 0.625000
vt 0.406250 0.687500
vt 0.375000 0.687500
vt 0.375000 0.656250
vt 0.375000 0.625000
vt 0.406250 0.156250
vt 0.406250 0.125000
vt 0.375000 0.156250
vt 0.375000 0.125000
vt 0.406250 0.593750
vt 0.406250 0.562500
vt 0.375000 0.593750
vt 0.375000 0.562500
vt 0.406250 0.094039
vt 0.407628 0.059852
vt 0.375000 0.093895
vt 0.376378 0.057945
vt 0.406250 0.531250
vt 0.406250 0.500000
vt 0.375000 0.531250
vt 0.375000 0.500000
vt 0.406250 0.957899
vt 0.405314 0.938556
vt 0.374064 0.940594
vt 0.390625 0.968750
vt 0.421875 0.031250
vt 0.406250 0.042101
vt 0.406250 0.468750
vt 0.406250 0.437500
vt 0.375000 0.468750
vt 0.375000 0.437500
vt 0.406250 0.905961
vt 0.406250 0.875000
vt 0.375000 0.906105
vt 0.375000 0.875000
vt 0.406250 0.406250
vt 0.406250 0.375000
vt 0.375000 0.406250
vt 0.375000 0.375000
vt 0.406250 0.843750
vt 0.406250 0.812500
vt 0.375000 0.843750
vt 0.375000 0.812500
vt 0.406250 0.343750
vt 0.406250 0.312500
vt 0.375000 0.343750
vt 0.375000 0.312500
vt 0.406250 0.781250
vt 0.406250 0.750000
vt 0.375000 0.781250
vt 0.375000 0.750000
vt 0.406250 0.281250
vt 0.375000 0.281250
vt 0.406250 0.718750
vt 0.375000 0.718750
vt 0.343750 0.406250
vt 0.343750 0.375000
vt 0.343750 0.437500
vt 0.312500 0.437500
vt 0.312500 0.406250
vt 0.312500 0.375000
vt 0.343750 0.843750
vt 0.343750 0.812500
vt 0.343750 0.875000
vt 0.312500 0.875000
vt 0.312500 0.843750
vt 0.312500 0.812500
vt 0.343750 0.343750
vt 0.343750 0.312500
vt 0.312500 0.343750
vt 0.312500 0.312500
vt 0.343750 0.781250
vt 0.343750 0.750000
vt 0.312500 0.781250
vt 0.312500 0.750000
vt 0.343750 0.281250
vt 0.343750 0.250000
vt 0.312500 0.281250
vt 0.312500 0.250000
vt 0.343750 0.718750
vt 0.343750 0.687500
vt 0.312500 0.718750
vt 0.312500 0.687500
vt 0.343750 0.218750
vt 0.343750 0.187500
vt 0.312500 0.218750
vt 0.312500 0.187500
vt 0.343750 0.656250
vt 0.343750 0.625000
vt 0.312500 0.656250
vt 0.312500 0.625000
vt 0.343750 0.156250
vt 0.343750 0.125000
vt 0.312500 0.156250
vt 0.312500 0.125000
vt 0.343750 0.593750
vt 0.343750 0.562500
vt 0.312500 0.593750
vt 0.312500 0.562500
vt 0.343750 0.094039
vt 0.345128 0.059852
vt 0.312500 0.093895
vt 0.313878 0.057945
vt 0.343750 0.531250
vt 0.343750 0.500000
vt 0.312500 0.531250
vt 0.312500 0.500000
vt 0.343750 0.957899
vt 0.342814 0.938556
vt 0.311564 0.940594
vt 0.328125 0.968750
vt 0.359375 0.031250
vt 0.343750 0.042101
vt 0.343750 0.468750
vt 0.312500 0.468750
vt 0.343750 0.905961
vt 0.312500 0.906105
vt 0.281250 0.156250
vt 0.281250 0.125000
vt 0.281250 0.187500
vt 0.250000 0.187500
vt 0.250000 0.156250
vt 0.250000 0.125000
vt 0.281250 0.593750
vt 0.281250 0.562500
vt 0.281250 0.625000
vt 0.250000 0.625000
vt 0.250000 0.593750
vt 0.250000 0.562500
vt 0.281250 0.094039
vt 0.282628 0.059852
vt 0.250000 0.093895
vt 0.251378 0.057945
vt 0.281250 0.531250
vt 0.281250 0.500000
vt 0.250000 0.531250
vt 0.250000 0.500000
vt 0.281250 0.957899
vt 0.280314 0.938556
vt 0.249064 0.940594
vt 0.265625 0.968750
vt 0.296875 0.031250
vt 0.281250 0.042101
vt 0.281250 0.468750
vt 0.281250 0.437500
vt 0.250000 0.468750
vt 0.250000 0.437500
vt 0.281250 0.905961
vt 0.281250 0.875000
vt 0.250000 0.906105
vt 0.250000 0.875000
vt 0.281250 0.406250
vt 0.281250 0.375000
vt 0.250000 0.406250
vt 0.250000 0.375000
vt 0.281250 0.843750
vt 0.281250 0.812500
vt 0.250000 0.843750
vt 0.250000 0.812500
vt 0.281250 0.343750
vt 0.281250 0.312500
vt 0.250000 0.343750
vt 0.250000 0.312500
vt 0.281250 0.781250
vt 0.281250 0.750000
vt 0.250000 0.781250
vt 0.250000 0.750000
vt 0.281250 0.281250
vt 0.281250 0.250000
vt 0.250000 0.281250
vt 0.250000 0.250000
vt 0.281250 0.718750
vt 0.281250 0.687500
vt 0.250000 0.718750
vt 0.250000 0.687500
vt 0.281250 0.218750
vt 0.250000 0.218750
vt 0.281250 0.656250
vt 0.250000 0.656250
vt 0.218750 0.843750
vt 0.218750 0.812500
vt 0.218750 0.875000
vt 0.187500 0.875000
vt 0.187500 0.843750
vt 0.187500 0.812500
vt 0.218750 0.343750
vt 0.218750 0.312500
vt 0.218750 0.375000
vt 0.187500 0.375000
vt 0.187500 0.343750
vt 0.187500 0.312500
vt 0.218750 0.781250
vt 0.218750 0.750000
vt 0.187500 0.781250
vt 0.187500 0.750000
vt 0.218750 0.281250
vt 0.218750 0.250000
vt 0.187500 0.281250
vt 0.187500 0.250000
vt 0.218750 0.718750
vt 0.218750 0.687500
vt 0.187500 0.718750
vt 0.187500 0.687500
vt 0.218750 0.218750
vt 0.218750 0.187500
vt 0.187500 0.218750
vt 0.187500 0.187500
vt 0.218750 0.656250
vt 0.218750 0.625000
vt 0.187500 0.656250
vt 0.187500 0.625000
vt 0.218750 0.156250
vt 0.218750 0.125000
vt 0.187500 0.156250
vt 0.187500 0.125000
vt 0.218750 0.593750
vt 0.218750 0.562500
vt 0.187500 0.593750
vt 0.187500 0.562500
vt 0.218750 0.094039
vt 0.220128 0.059852
vt 0.187500 0.093895
vt 0.188878 0.057945
vt 0.218750 0.531250
vt 0.218750 0.500000
vt 0.187500 0.531250
vt 0.187500 0.500000
vt 0.218750 0.957899
vt 0.217814 0.938556
vt 0.186564 0.940594
vt 0.203125 0.968750
vt 0.234375 0.031250
vt 0.218750 0.042101
vt 0.218750 0.468750
vt 0.218750 0.437500
vt 0.187500 0.468750
vt 0.187500 0.437500
vt 0.218750 0.905961
vt 0.187500 0.906105
vt 0.218750 0.406250
vt 0.187500 0.406250
vt 0.156250 0.593750
vt 0.156250 0.562500
vt 0.156250 0.625000
vt 0.125000 0.625000
vt 0.125000 0.593750
vt 0.125000 0.562500
vt 0.156250 0.094039
vt 0.157628 0.059852
vt 0.156250 0.125000
vt 0.125000 0.125000
vt 0.125000 0.093895
vt 0.126378 0.057945
vt 0.156250 0.531250
vt 0.156250 0.500000
vt 0.125000 0.531250
vt 0.125000 0.500000
vt 0.156250 0.957899
vt 0.155314 0.938556
vt 0.124064 0.940594
vt 0.140625 0.968750
vt 0.171875 0.031250
vt 0.156250 0.042101
vt 0.156250 0.468750
vt 0.156250 0.437500
vt 0.125000 0.468750
vt 0.125000 0.437500
vt 0.156250 0.905961
vt 0.156250 0.875000
vt 0.125000 0.906105
vt 0.125000 0.875000
vt 0.156250 0.406250
vt 0.156250 0.375000
vt 0.125000 0.406250
vt 0.125000 0.375000
vt 0.156250 0.843750
vt 0.156250 0.812500
vt 0.125000 0.843750
vt 0.125000 0.812500
vt 0.156250 0.343750
vt 0.156250 0.312500
vt 0.125000 0.343750
vt 0.125000 0.312500
vt 0.156250 0.781250
vt 0.156250 0.750000
vt 0.125000 0.781250
vt 0.125000 0.750000
vt 0.156250 0.281250
vt 0.156250 0.250000
vt 0.125000 0.281250
vt 0.125000 0.250000
vt 0.156250 0.718750
vt 0.156250 0.687500
vt 0.125000 0.718750
vt 0.125000 0.687500
vt 0.156250 0.218750
vt 0.156250 0.187500
vt 0.125000 0.218750
vt 0.125000 0.187500
vt 0.156250 0.656250
vt 0.125000 0.656250
vt 0.156250 0.156250
vt 0.125000 0.156250
vt 0.093750 0.343750
vt 0.093750 0.312500
vt 0.093750 0.375000
vt 0.062500 0.375000
vt 0.062500 0.343750
vt 0.062500 0.312500
vt 0.093750 0.781250
vt 0.093750 0.750000
vt 0.093750 0.812500
vt 0.062500 0.812500
vt 0.062500 0.781250
vt 0.062500 0.750000
vt 0.093750 0.281250
vt 0.093750 0.250000
vt 0.062500 0.281250
vt 0.062500 0.250000
vt 0.093750 0.718750
vt 0.093750 0.687500
vt 0.062500 0.718750
vt 0.062500 0.687500
vt 0.093750 0.218750
vt 0.093750 0.187500
vt 0.062500 0.218750
vt 0.062500 0.187500
vt 0.093750 0.656250
vt 0.093750 0.625000
vt 0.062500 0.656250
vt 0.062500 0.625000
vt 0.093750 0.156250
vt 0.093750 0.125000
vt 0.062500 0.156250
vt 0.062500 0.125000
vt 0.093750 0.593750
vt 0.093750 0.562500
vt 0.062500 0.593750
vt 0.062500 0.562500
vt 0.093750 0.094039
vt 0.095128 0.059852
vt 0.062500 0.093895
vt 0.063878 0.057945
vt 0.093750 0.531250
vt 0.093750 0.500000
vt 0.062500 0.531250
vt 0.062500 0.500000
vt 0.093750 0.957899
vt 0.092814 0.938556
vt 0.061564 0.940594
vt 0.078125 0.968750
vt 0.109375 0.031250
vt 0.093750 0.042101
vt 0.093750 0.468750
vt 0.093750 0.437500
vt 0.062500 0.468750
vt 0.062500 0.437500
vt 0.093750 0.905961
vt 0.093750 0.875000
vt 0.062500 0.906105
vt 0.062500 0.875000
vt 0.093750 0.406250
vt 0.062500 0.406250
vt 0.093750 0.843750
vt 0.062500 0.843750
vt 0.031250 0.094039
vt 0.032628 0.059852
vt 0.031250 0.125000
vt 0.000000 0.125000
vt 0.000000 0.093750
vt 0.005512 0.058902
vt 0.031250 0.531250
vt 0.031250 0.500000
vt 0.031250 0.562500
vt 0.000000 0.562500
vt 0.000000 0.531250
vt 0.000000 0.500000
vt 0.031250 0.957899
vt 0.030314 0.938556
vt 0.001872 0.941244
vt 0.015625 0.968750
vt 0.046875 0.031250
vt 0.031250 0.042101
vt 0.031250 0.468750
vt 0.031250 0.437500
vt 0.000000 0.468750
vt 0.000000 0.437500
vt 0.031250 0.905961
vt 0.031250 0.875000
vt 0.000000 0.906250
vt 0.000000 0.875000
vt 0.031250 0.406250
vt 0.031250 0.375000
vt 0.000000 0.406250
vt 0.000000 0.375000
vt 0.031250 0.843750
vt 0.031250 0.812500
vt 0.000000 0.843750
vt 0.000000 0.812500
vt 0.031250 0.343750
vt 0.031250 0.312500
vt 0.000000 0.343750
vt 0.000000 0.312500
vt 0.031250 0.781250
vt 0.031250 0.750000
vt 0.000000 0.781250
vt 0.000000 0.750000
vt 0.031250 0.281250
vt 0.031250 0.250000
vt 0.000000 0.281250
vt 0.000000 0.250000
vt 0.031250 0.718750
vt 0.031250 0.687500
vt 0.000000 0.718750
vt 0.000000 0.687500
vt 0.031250 0.218750
vt 0.031250 0.187500
vt 0.000000 0.218750
vt 0.000000 0.187500
vt 0.031250 0.656250
vt 0.031250 0.625000
vt 0.000000 0.656250
vt 0.000000 0.625000
vt 0.031250 0.156250
vt 0.000000 0.156250
vt 0.031250 0.593750
vt 0.000000 0.593750
vt 1.000000 0.750000
vt 1.000000 0.781250
vt 0.968750 0.781250
vt 0.968750 0.750000
vt 1.000000 0.812500
vt 0.968750 0.812500
vt 0.937500 0.812500
vt 0.937500 0.781250
vt 0.937500 0.750000
vt 1.000000 0.250000
vt 1.000000 0.281250
vt 0.968750 0.281250
vt 0.968750 0.250000
vt 1.000000 0.312500
vt 0.968750 0.312500
vt 0.937500 0.312500
vt 0.937500 0.281250
vt 0.937500 0.250000
vt 1.000000 0.687500
vt 1.000000 0.718750
vt 0.968750 0.718750
vt 0.968750 0.687500
vt 0.937500 0.718750
vt 0.937500 0.687500
vt 1.000000 0.187500
vt 1.000000 0.218750
vt 0.968750 0.218750
vt 0.968750 0.187500
vt 0.937500 0.218750
vt 0.937500 0.187500
vt 1.000000 0.625000
vt 1.000000 0.656250
vt 0.968750 0.656250
vt 0.968750 0.625000
vt 0.937500 0.656250
vt 0.937500 0.625000
vt 1.000000 0.125000
vt 1.000000 0.156250
vt 0.968750 0.156250
vt 0.968750 0.125000
vt 0.937500 0.156250
vt 0.937500 0.125000
vt 1.000000 0.562500
vt 1.000000 0.593750
vt 0.968750 0.593750
vt 0.968750 0.562500
vt 0.937500 0.593750
vt 0.937500 0.562500
vt 0.997244 0.056988
vt 1.000000 0.093750
vt 0.968750 0.094039
vt 0.970128 0.059852
vt 0.937500 0.093895
vt 0.938878 0.057945
vt 1.000000 0.500000
vt 1.000000 0.531250
vt 0.968750 0.531250
vt 0.968750 0.500000
vt 0.937500 0.531250
vt 0.937500 0.500000
vt 0.996256 0.939944
vt 0.968750 0.957899
vt 0.967814 0.938556
vt 0.936564 0.940594
vt 0.953125 0.968750
vt 0.984375 0.031250
vt 0.968750 0.042101
vt 1.000000 0.437500
vt 1.000000 0.468750
vt 0.968750 0.468750
vt 0.968750 0.437500
vt 0.937500 0.468750
vt 0.937500 0.437500
vt 1.000000 0.875000
vt 1.000000 0.906250
vt 0.968750 0.905961
vt 0.968750 0.875000
vt 0.937500 0.906105
vt 0.937500 0.875000
vt 1.000000 0.375000
vt 1.000000 0.406250
vt 0.968750 0.406250
vt 0.968750 0.375000
vt 0.937500 0.406250
vt 0.937500 0.375000
vt 1.000000 0.843750
vt 0.968750 0.843750
vt 0.937500 0.843750
vt 1.000000 0.343750
vt 0.968750 0.343750
vt 0.937500 0.343750
vt 0.906250 0.531250
vt 0.906250 0.500000
vt 0.906250 0.562500
vt 0.875000 0.562500
vt 0.875000 0.531250
vt 0.875000 0.500000
vt 0.906250 0.957899
vt 0.905314 0.938556
vt 0.874064 0.940594
vt 0.890625 0.968750
vt 0.907628 0.059852
vt 0.921875 0.031250
vt 0.876378 0.057945
vt 0.906250 0.042101
vt 0.906250 0.468750
vt 0.906250 0.437500
vt 0.875000 0.468750
vt 0.875000 0.437500
vt 0.906250 0.905961
vt 0.906250 0.875000
vt 0.875000 0.906105
vt 0.875000 0.875000
vt 0.906250 0.406250
vt 0.906250 0.375000
vt 0.875000 0.406250
vt 0.875000 0.375000
vt 0.906250 0.843750
vt 0.906250 0.812500
vt 0.875000 0.843750
vt 0.875000 0.812500
vt 0.906250 0.343750
vt 0.906250 0.312500
vt 0.875000 0.343750
vt 0.875000 0.312500
vt 0.906250 0.781250
vt 0.906250 0.750000
vt 0.875000 0.781250
vt 0.875000 0.750000
vt 0.906250 0.281250
vt 0.906250 0.250000
vt 0.875000 0.281250
vt 0.875000 0.250000
vt 0.906250 0.718750
vt 0.906250 0.687500
vt 0.875000 0.718750
vt 0.875000 0.687500
vt 0.906250 0.218750
vt 0.906250 0.187500
vt 0.875000 0.218750
vt 0.875000 0.187500
vt 0.906250 0.656250
vt 0.906250 0.625000
vt 0.875000 0.656250
vt 0.875000 0.625000
vt 0.906250 0.156250
vt 0.906250 0.125000
vt 0.875000 0.156250
vt 0.875000 0.125000
vt 0.906250 0.593750
vt 0.875000 0.593750
vt 0.906250 0.094039
vt 0.875000 0.093895
vt 0.843750 0.281250
vt 0.843750 0.250000
vt 0.843750 0.312500
vt 0.812500 0.312500
vt 0.812500 0.281250
vt 0.812500 0.250000
vt 0.843750 0.718750
vt 0.843750 0.687500
vt 0.843750 0.750000
vt 0.812500 0.750000
vt 0.812500 0.718750
vt 0.812500 0.687500
vt 0.843750 0.218750
vt 0.843750 0.187500
vt 0.812500 0.218750
vt 0.812500 0.187500
vt 0.843750 0.656250
vt 0.843750 0.625000
vt 0.812500 0.656250
vt 0.812500 0.625000
vt 0.843750 0.156250
vt 0.843750 0.125000
vt 0.812500 0.156250
vt 0.812500 0.125000
vt 0.843750 0.593750
vt 0.843750 0.562500
vt 0.812500 0.593750
vt 0.812500 0.562500
vt 0.843750 0.094039
vt 0.845128 0.059851
vt 0.812500 0.093895
vt 0.813878 0.057945
vt 0.843750 0.531250
vt 0.843750 0.500000
vt 0.812500 0.531250
vt 0.812500 0.500000
vt 0.843750 0.957899
vt 0.842814 0.938556
vt 0.811564 0.940594
vt 0.828125 0.968750
vt 0.859375 0.031250
vt 0.843750 0.042101
vt 0.843750 0.468750
vt 0.843750 0.437500
vt 0.812500 0.468750
vt 0.812500 0.437500
vt 0.843750 0.905961
vt 0.843750 0.875000
vt 0.812500 0.906105
vt 0.812500 0.875000
vt 0.843750 0.406250
vt 0.843750 0.375000
vt 0.812500 0.406250
vt 0.812500 0.375000
vt 0.843750 0.843750
vt 0.843750 0.812500
vt 0.812500 0.843750
vt 0.812500 0.812500
vt 0.843750 0.343750
vt 0.812500 0.343750
vt 0.843750 0.781250
vt 0.812500 0.781250
vt 0.782628 0.059852
vt 0.796875 0.031250
vt 0.781250 0.042101
vt 0.781250 0.468750
vt 0.781250 0.437500
vt 0.781250 0.500000
vt 0.781250 0.905961
vt 0.781250 0.875000
vt 0.780314 0.938556
vt 0.781250 0.406250
vt 0.781250 0.375000
vt 0.781250 0.843750
vt 0.781250 0.812500
vt 0.781250 0.343750
vt 0.781250 0.312500
vt 0.781250 0.781250
vt 0.781250 0.750000
vt 0.781250 0.281250
vt 0.781250 0.250000
vt 0.781250 0.718750
vt 0.781250 0.687500
vt 0.781250 0.218750
vt 0.781250 0.187500
vt 0.781250 0.656250
vt 0.781250 0.625000
vt 0.781250 0.156250
vt 0.781250 0.125000
vt 0.781250 0.593750
vt 0.781250 0.562500
vt 0.781250 0.094039
vt 0.781250 0.531250
vt 0.781250 0.957899
vt 0.765625 0.968750
s 1
f 8/1/8 691/2/691 707/3/707 261/4/261
f 691/2/691 242/5/242 692/6/692 707/3/707
f 707/3/707 692/6/692 22/7/22 258/8/258
f 261/4/261 707/3/707 258/8/258 23/9/23
f 4/10/4 685/11/685 708/12/708 262/13/262
f 685/11/685 239/14/239 693/15/693 708/12/708
f 708/12/708 693/15/693 15/16/15 251/17/251
f 262/13/262 708/12/708 251/17/251 16/18/16
f 9/19/9 245/20/245 709/21/709 263/22/263
f 245/20/245 8/1/8 261/4/261 709/21/709
f 709/21/709 261/4/261 23/9/23 259/23/259
f 263/22/263 709/21/709 259/23/259 24/24/24
f 5/25/5 244/26/244 710/27/710 264/28/264
f 244/26/244 4/10/4 262/13/262 710/27/710
f 710/27/710 262/13/262 16/18/16 252/29/252
f 264/28/264 710/27/710 252/29/252 17/30/17
f 10/31/10 246/32/246 711/33/711 265/34/265
f 246/32/246 9/19/9 263/22/263 711/33/711
f 711/33/711 263/22/263 24/24/24 260/35/260
f 265/34/265 711/33/711 260/35/260 25/36/25
f 240/37/240 686/38/686 712/39/712 694/40/694
f 686/38/686 5/25/5 264/28/264 712/39/712
f 712/39/712 264/28/264 17/30/17 253/41/253
f 694/40/694 712/39/712 253/41/253 18/42/18
f 1/43/1 177/44/177 266/45/266
f 11/46/11 266/45/266 177/47/177
f 10/31/10 265/34/265 146/48/146
f 25/36/25 146/49/146 265/34/265
f 6/50/6 687/51/687 713/52/713 267/53/267
f 687/51/687 240/37/240 694/40/694 713/52/713
f 713/52/713 694/40/694 18/42/18 254/54/254
f 267/53/267 713/52/713 254/54/254 19/55/19
f 2/56/2 243/57/243 714/58/714 268/59/268
f 243/57/243 1/43/1 266/45/266 714/58/714
f 714/58/714 266/45/266 11/46/11 247/60/247
f 268/59/268 714/58/714 247/60/247 12/61/12
f 241/62/241 688/63/688 715/64/715 695/65/695
f 688/63/688 6/50/6 267/53/267 715/64/715
f 715/64/715 267/53/267 19/55/19 255/66/255
f 695/65/695 715/64/715 255/66/255 20/67/20
f 238/68/238 682/69/682 716/70/716 696/71/696
f 682/69/682 2/56/2 268/59/268 716/70/716
f 716/70/716 268/59/268 12/61/12 248/72/248
f 696/71/696 716/70/716 248/72/248 13/73/13
f 7/74/7 689/75/689 717/76/717 269/77/269
f 689/75/689 241/62/241 695/65/695 717/76/717
f 717/76/717 695/65/695 20/67/20 256/78/256
f 269/77/269 717/76/717 256/78/256 21/79/21
f 3/80/3 683/81/683 718/82/718 270/83/270
f 683/81/683 238/68/238 696/71/696 718/82/718
f 718/82/718 696/71/696 13/73/13 249/84/249
f 270/83/270 718/82/718 249/84/249 14/85/14
f 242/5/242 690/86/690 719/87/719 692/6/692
f 690/86/690 7/74/7 269/77/269 719/87/719
f 719/87/719 269/77/269 21/79/21 257/88/257
f 692/6/692 719/87/719 257/88/257 22/7/22
f 239/14/239 684/89/684 720/90/720 693/15/693
f 684/89/684 3/80/3 270/83/270 720/90/720
f 720/90/720 270/83/270 14/85/14 250/91/250
f 693/15/693 720/90/720 250/91/250 15/16/15
f 22/7/22 257/88/257 721/92/721 285/93/285
f 257/88/257 21/79/21 286/94/286 721/92/721
f 721/92/721 286/94/286 36/95/36 281/96/281
f 285/93/285 721/92/721 281/96/281 37/97/37
f 15/16/15 250/91/250 722/98/722 287/99/287
f 250/91/250 14/85/14 288/100/288 722/98/722
f 722/98/722 288/100/288 29/101/29 274/102/274
f 287/99/287 722/98/722 274/102/274 30/103/30
f 23/9/23 258/8/258 723/104/723 289/105/289
f 258/8/258 22/7/22 285/93/285 723/104/723
f 723/104/723 285/93/285 37/97/37 282/106/282
f 289/105/289 723/104/723 282/106/282 38/107/38
f 16/18/16 251/17/251 724/108/724 290/109/290
f 251/17/251 15/16/15 287/99/287 724/108/724
f 724/108/724 287/99/287 30/103/30 275/110/275
f 290/109/290 724/108/724 275/110/275 31/111/31
f 24/24/24 259/23/259 725/112/725 291/113/291
f 259/23/259 23/9/23 289/105/289 725/112/725
f 725/112/725 289/105/289 38/107/38 283/114/283
f 291/113/291 725/112/725 283/114/283 39/115/39
f 17/30/17 252/29/252 726/116/726 292/117/292
f 252/29/252 16/18/16 290/109/290 726/116/726
f 726/116/726 290/109/290 31/111/31 276/118/276
f 292/117/292 726/116/726 276/118/276 32/119/32
f 25/36/25 260/35/260 727/120/727 293/121/293
f 260/35/260 24/24/24 291/113/291 727/120/727
f 727/120/727 291/113/291 39/115/39 284/122/284
f 293/121/293 727/120/727 284/122/284 40/123/40
f 18/42/18 253/41/253 728/124/728 294/125/294
f 253/41/253 17/30/17 292/117/292 728/124/728
f 728/124/728 292/117/292 32/119/32 277/126/277
f 294/125/294 728/124/728 277/126/277 33/127/33
f 11/46/11 177/128/177 295/129/295
f 26/130/26 295/129/295 177/131/177
f 25/36/25 293/121/293 146/132/146
f 40/123/40 146/133/146 293/121/293
f 19/55/19 254/54/254 729/134/729 296/135/296
f 254/54/254 18/42/18 294/125/294 729/134/729
f 729/134/729 294/125/294 33/127/33 278/136/278
f 296/135/296 729/134/729 278/136/278 34/137/34
f 12/61/12 247/60/247 730/138/730 297/139/297
f 247/60/247 11/46/11 295/129/295 730/138/730
f 730/138/730 295/129/295 26/130/26 271/140/271
f 297/139/297 730/138/730 271/140/271 27/141/27
f 20/67/20 255/66/255 731/142/731 298/143/298
f 255/66/255 19/55/19 296/135/296 731/142/731
f 731/142/731 296/135/296 34/137/34 279/144/279
f 298/143/298 731/142/731 279/144/279 35/145/35
f 13/73/13 248/72/248 732/146/732 299/147/299
f 248/72/248 12/61/12 297/139/297 732/146/732
f 732/146/732 297/139/297 27/141/27 272/148/272
f 299/147/299 732/146/732 272/148/272 28/149/28
f 21/79/21 256/78/256 733/150/733 286/94/286
f 256/78/256 20/67/20 298/143/298 733/150/733
f 733/150/733 298/143/298 35/145/35 280/151/280
f 286/94/286 733/150/733 280/151/280 36/95/36
f 14/85/14 249/84/249 734/152/734 288/100/288
f 249/84/249 13/73/13 299/147/299 734/152/734
f 734/152/734 299/147/299 28/149/28 273/153/273
f 288/100/288 734/152/734 273/153/273 29/101/29
f 26/130/26 177/154/177 314/155/314
f 41/156/41 314/155/314 177/157/177
f 40/123/40 315/158/315 146/159/146
f 55/160/55 146/161/146 315/158/315
f 34/137/34 278/136/278 735/162/735 316/163/316
f 278/136/278 33/127/33 317/164/317 735/162/735
f 735/162/735 317/164/317 48/165/48 307/166/307
f 316/163/316 735/162/735 307/166/307 49/167/49
f 27/141/27 271/140/271 736/168/736 318/169/318
f 271/140/271 26/130/26 314/155/314 736/168/736
f 736/168/736 314/155/314 41/156/41 300/170/300
f 318/169/318 736/168/736 300/170/300 42/171/42
f 35/145/35 279/144/279 737/172/737 319/173/319
f 279/144/279 34/137/34 316/163/316 737/172/737
f 737/172/737 316/163/316 49/167/49 308/174/308
f 319/173/319 737/172/737 308/174/308 50/175/50
f 28/149/28 272/148/272 738/176/738 320/177/320
f 272/148/272 27/141/27 318/169/318 738/176/738
f 738/176/738 318/169/318 42/171/42 301/178/301
f 320/177/320 738/176/738 301/178/301 43/179/43
f 36/95/36 280/151/280 739/180/739 321/181/321
f 280/151/280 35/145/35 319/173/319 739/180/739
f 739/180/739 319/173/319 50/175/50 309/182/309
f 321/181/321 739/180/739 309/182/309 51/183/51
f 29/101/29 273/153/273 740/184/740 322/185/322
f 273/153/273 28/149/28 320/177/320 740/184/740
f 740/184/740 320/177/320 43/179/43 302/186/302
f 322/185/322 740/184/740 302/186/302 44/187/44
f 37/97/37 281/96/281 741/188/741 323/189/323
f 281/96/281 36/95/36 321/181/321 741/188/741
f 741/188/741 321/181/321 51/183/51 310/190/310
f 323/189/323 741/188/741 310/190/310 52/191/52
f 30/103/30 274/102/274 742/192/742 324/193/324
f 274/102/274 29/101/29 322/185/322 742/192/742
f 742/192/742 322/185/322 44/187/44 303/194/303
f 324/193/324 742/192/742 303/194/303 45/195/45
f 38/107/38 282/106/282 743/196/743 325/197/325
f 282/106/282 37/97/37 323/189/323 743/196/743
f 743/196/743 323/189/323 52/191/52 311/198/311
f 325/197/325 743/196/743 311/198/311 53/199/53
f 31/111/31 275/110/275 744/200/744 326/201/326
f 275/110/275 30/103/30 324/193/324 744/200/744
f 744/200/744 324/193/324 45/195/45 304/202/304
f 326/201/326 744/200/744 304/202/304 46/203/46
f 39/115/39 283/114/283 745/204/745 327/205/327
f 283/114/283 38/107/38 325/197/325 745/204/745
f 745/204/745 325/197/325 53/199/53 312/206/312
f 327/205/327 745/204/745 312/206/312 54/207/54
f 32/119/32 276/118/276 746/208/746 328/209/328
f 276/118/276 31/111/31 326/201/326 746/208/746
f 746/208/746 326/201/326 46/203/46 305/210/305
f 328/209/328 746/208/746 305/210/305 47/211/47
f 40/123/40 284/122/284 747/212/747 315/158/315
f 284/122/284 39/115/39 327/205/327 747/212/747
f 747/212/747 327/205/327 54/207/54 313/213/313
f 315/158/315 747/212/747 313/213/313 55/160/55
f 33/127/33 277/126/277 748/214/748 317/164/317
f 277/126/277 32/119/32 328/209/328 748/214/748
f 748/214/748 328/209/328 47/211/47 306/215/306
f 317/164/317 748/214/748 306/215/306 48/165/48
f 45/195/45 303/194/303 749/216/749 343/217/343
f 303/194/303 44/187/44 344/218/344 749/216/749
f 749/216/749 344/218/344 59/219/59 332/220/332
f 343/217/343 749/216/749 332/220/332 60/221/60
f 53/199/53 311/198/311 750/222/750 345/223/345
f 311/198/311 52/191/52 346/224/346 750/222/750
f 750/222/750 346/224/346 67/225/67 340/226/340
f 345/223/345 750/222/750 340/226/340 68/227/68
f 46/203/46 304/202/304 751/228/751 347/229/347
f 304/202/304 45/195/45 343/217/343 751/228/751
f 751/228/751 343/217/343 60/221/60 333/230/333
f 347/229/347 751/228/751 333/230/333 61/231/61
f 54/207/54 312/206/312 752/232/752 348/233/348
f 312/206/312 53/199/53 345/223/345 752/232/752
f 752/232/752 345/223/345 68/227/68 341/234/341
f 348/233/348 752/232/752 341/234/341 69/235/69
f 47/211/47 305/210/305 753/236/753 349/237/349
f 305/210/305 46/203/46 347/229/347 753/236/753
f 753/236/753 347/229/347 61/231/61 334/238/334
f 349/237/349 753/236/753 334/238/334 62/239/62
f 55/160/55 313/213/313 754/240/754 350/241/350
f 313/213/313 54/207/54 348/233/348 754/240/754
f 754/240/754 348/233/348 69/235/69 342/242/342
f 350/241/350 754/240/754 342/242/342 70/243/70
f 48/165/48 306/215/306 755/244/755 351/245/351
f 306/215/306 47/211/47 349/237/349 755/244/755
f 755/244/755 349/237/349 62/239/62 335/246/335
f 351/245/351 755/244/755 335/246/335 63/247/63
f 41/156/41 177/248/177 352/249/352
f 56/250/56 352/249/352 177/251/177
f 55/160/55 350/241/350 146/252/146
f 70/243/70 146/253/146 350/241/350
f 49/167/49 307/166/307 756/254/756 353/255/353
f 307/166/307 48/165/48 351/245/351 756/254/756
f 756/254/756 351/245/351 63/247/63 336/256/336
f 353/255/353 756/254/756 336/256/336 64/257/64
f 42/171/42 300/170/300 757/258/757 354/259/354
f 300/170/300 41/156/41 352/249/352 757/258/757
f 757/258/757 352/249/352 56/250/56 329/260/329
f 354/259/354 757/258/757 329/260/329 57/261/57
f 50/175/50 308/174/308 758/262/758 355/263/355
f 308/174/308 49/167/49 353/255/353 758/262/758
f 758/262/758 353/255/353 64/257/64 337/264/337
f 355/263/355 758/262/758 337/264/337 65/265/65
f 43/179/43 301/178/301 759/266/759 356/267/356
f 301/178/301 42/171/42 354/259/354 759/266/759
f 759/266/759 354/259/354 57/261/57 330/268/330
f 356/267/356 759/266/759 330/268/330 58/269/58
f 51/183/51 309/182/309 760/270/760 357/271/357
f 309/182/309 50/175/50 355/263/355 760/270/760
f 760/270/760 355/263/355 65/265/65 338/272/338
f 357/271/357 760/270/760 338/272/338 66/273/66
f 44/187/44 302/186/302 761/274/761 344/218/344
f 302/186/302 43/179/43 356/267/356 761/274/761
f 761/274/761 356/267/356 58/269/58 331/275/331
f 344/218/344 761/274/761 331/275/331 59/219/59
f 52/191/52 310/190/310 762/276/762 346/224/346
f 310/190/310 51/183/51 357/271/357 762/276/762
f 762/276/762 357/271/357 66/273/66 339/277/339
f 346/224/346 762/276/762 339/277/339 67/225/67
f 64/257/64 336/256/336 763/278/763 372/279/372
f 336/256/336 63/247/63 373/280/373 763/278/763
f 763/278/763 373/280/373 78/281/78 365/282/365
f 372/279/372 763/278/763 365/282/365 79/283/79
f 57/261/57 329/260/329 764/284/764 374/285/374
f 329/260/329 56/250/56 375/286/375 764/284/764
f 764/284/764 375/286/375 71/287/71 358/288/358
f 374/285/374 764/284/764 358/288/358 72/289/72
f 65/265/65 337/264/337 765/290/765 376/291/376
f 337/264/337 64/257/64 372/279/372 765/290/765
f 765/290/765 372/279/372 79/283/79 366/292/366
f 376/291/376 765/290/765 366/292/366 80/293/80
f 58/269/58 330/268/330 766/294/766 377/295/377
f 330/268/330 57/261/57 374/285/374 766/294/766
f 766/294/766 374/285/374 72/289/72 359/296/359
f 377/295/377 766/294/766 359/296/359 73/297/73
f 66/273/66 338/272/338 767/298/767 378/299/378
f 338/272/338 65/265/65 376/291/376 767/298/767
f 767/298/767 376/291/376 80/293/80 367/300/367
f 378/299/378 767/298/767 367/300/367 81/301/81
f 59/219/59 331/275/331 768/302/768 379/303/379
f 331/275/331 58/269/58 377/295/377 768/302/768
f 768/302/768 377/295/377 73/297/73 360/304/360
f 379/303/379 768/302/768 360/304/360 74/305/74
f 67/225/67 339/277/339 769/306/769 380/307/380
f 339/277/339 66/273/66 378/299/378 769/306/769
f 769/306/769 378/299/378 81/301/81 368/308/368
f 380/307/380 769/306/769 368/308/368 82/309/82
f 60/221/60 332/220/332 770/310/770 381/311/381
f 332/220/332 59/219/59 379/303/379 770/310/770
f 770/310/770 379/303/379 74/305/74 361/312/361
f 381/311/381 770/310/770 361/312/361 75/313/75
f 68/227/68 340/226/340 771/314/771 382/315/382
f 340/226/340 67/225/67 380/307/380 771/314/771
f 771/314/771 380/307/380 82/309/82 369/316/369
f 382/315/382 771/314/771 369/316/369 83/317/83
f 61/231/61 333/230/333 772/318/772 383/319/383
f 333/230/333 60/221/60 381/311/381 772/318/772
f 772/318/772 381/311/381 75/313/75 362/320/362
f 383/319/383 772/318/772 362/320/362 76/321/76
f 69/235/69 341/234/341 773/322/773 384/323/384
f 341/234/341 68/227/68 382/315/382 773/322/773
f 773/322/773 382/315/382 83/317/83 370/324/370
f 384/323/384 773/322/773 370/324/370 84/325/84
f 62/239/62 334/238/334 774/326/774 385/327/385
f 334/238/334 61/231/61 383/319/383 774/326/774
f 774/326/774 383/319/383 76/321/76 363/328/363
f 385/327/385 774/326/774 363/328/363 77/329/77
f 70/243/70 342/242/342 775/330/775 386/331/386
f 342/242/342 69/235/69 384/323/384 775/330/775
f 775/330/775 384/323/384 84/325/84 371/332/371
f 386/331/386 775/330/775 371/332/371 85/333/85
f 63/247/63 335/246/335 776/334/776 373/280/373
f 335/246/335 62/239/62 385/327/385 776/334/776
f 776/334/776 385/327/385 77/329/77 364/335/364
f 373/280/373 776/334/776 364/335/364 78/281/78
f 56/250/56 177/336/177 375/286/375
f 71/287/71 375/286/375 177/337/177
f 70/243/70 386/331/386 146/338/146
f 85/333/85 146/339/146 386/331/386
f 83/317/83 369/316/369 777/340/777 401/341/401
f 369/316/369 82/309/82 402/342/402 777/340/777
f 777/340/777 402/342/402 97/343/97 398/344/398
f 401/341/401 777/340/777 398/344/398 98/345/98
f 76/321/76 362/320/362 778/346/778 403/347/403
f 362/320/362 75/313/75 404/348/404 778/346/778
f 778/346/778 404/348/404 90/349/90 391/350/391
f 403/347/403 778/346/778 391/350/391 91/351/91
f 84/325/84 370/324/370 779/352/779 405/353/405
f 370/324/370 83/317/83 401/341/401 779/352/779
f 779/352/779 401/341/401 98/345/98 399/354/399
f 405/353/405 779/352/779 399/354/399 99/355/99
f 77/329/77 363/328/363 780/356/780 406/357/406
f 363/328/363 76/321/76 403/347/403 780/356/780
f 780/356/780 403/347/403 91/351/91 392/358/392
f 406/357/406 780/356/780 392/358/392 92/359/92
f 85/333/85 371/332/371 781/360/781 407/361/407
f 371/332/371 84/325/84 405/353/405 781/360/781
f 781/360/781 405/353/405 99/355/99 400/362/400
f 407/361/407 781/360/781 400/362/400 100/363/100
f 78/281/78 364/335/364 782/364/782 408/365/408
f 364/335/364 77/329/77 406/357/406 782/364/782
f 782/364/782 406/357/406 92/359/92 393/366/393
f 408/365/408 782/364/782 393/366/393 93/367/93
f 71/287/71 177/368/177 409/369/409
f 86/370/86 409/369/409 177/371/177
f 85/333/85 407/361/407 146/372/146
f 100/363/100 146/373/146 407/361/407
f 79/283/79 365/282/365 783/374/783 410/375/410
f 365/282/365 78/281/78 408/365/408 783/374/783
f 783/374/783 408/365/408 93/367/93 394/376/394
f 410/375/410 783/374/783 394/376/394 94/377/94
f 72/289/72 358/288/358 784/378/784 411/379/411
f 358/288/358 71/287/71 409/369/409 784/378/784
f 784/378/784 409/369/409 86/370/86 387/380/387
f 411/379/411 784/378/784 387/380/387 87/381/87
f 80/293/80 366/292/366 785/382/785 412/383/412
f 366/292/366 79/283/79 410/375/410 785/382/785
f 785/382/785 410/375/410 94/377/94 395/384/395
f 412/383/412 785/382/785 395/384/395 95/385/95
f 73/297/73 359/296/359 786/386/786 413/387/413
f 359/296/359 72/289/72 411/379/411 786/386/786
f 786/386/786 411/379/411 87/381/87 388/388/388
f 413/387/413 786/386/786 388/388/388 88/389/88
f 81/301/81 367/300/367 787/390/787 414/391/414
f 367/300/367 80/293/80 412/383/412 787/390/787
f 787/390/787 412/383/412 95/385/95 396/392/396
f 414/391/414 787/390/787 396/392/396 96/393/96
f 74/305/74 360/304/360 788/394/788 415/395/415
f 360/304/360 73/297/73 413/387/413 788/394/788
f 788/394/788 413/387/413 88/389/88 389/396/389
f 415/395/415 788/394/788 389/396/389 89/397/89
f 82/309/82 368/308/368 789/398/789 402/342/402
f 368/308/368 81/301/81 414/391/414 789/398/789
f 789/398/789 414/391/414 96/393/96 397/399/397
f 402/342/402 789/398/789 397/399/397 97/343/97
f 75/313/75 361/312/361 790/400/790 404/348/404
f 361/312/361 74/305/74 415/395/415 790/400/790
f 790/400/790 415/395/415 89/397/89 390/401/390
f 404/348/404 790/400/790 390/401/390 90/349/90
f 95/385/95 395/384/395 791/402/791 430/403/430
f 395/384/395 94/377/94 431/404/431 791/402/791
f 791/402/791 431/404/431 109/405/109 424/406/424
f 430/403/430 791/402/791 424/406/424 110/407/110
f 88/389/88 388/388/388 792/408/792 432/409/432
f 388/388/388 87/381/87 433/410/433 792/408/792
f 792/408/792 433/410/433 102/411/102 417/412/417
f 432/409/432 792/408/792 417/412/417 103/413/103
f 96/393/96 396/392/396 793/414/793 434/415/434
f 396/392/396 95/385/95 430/403/430 793/414/793
f 793/414/793 430/403/430 110/407/110 425/416/425
f 434/415/434 793/414/793 425/416/425 111/417/111
f 89/397/89 389/396/389 794/418/794 435/419/435
f 389/396/389 88/389/88 432/409/432 794/418/794
f 794/418/794 432/409/432 103/413/103 418/420/418
f 435/419/435 794/418/794 418/420/418 104/421/104
f 97/343/97 397/399/397 795/422/795 436/423/436
f 397/399/397 96/393/96 434/415/434 795/422/795
f 795/422/795 434/415/434 111/417/111 426/424/426
f 436/423/436 795/422/795 426/424/426 112/425/112
f 90/349/90 390/401/390 796/426/796 437/427/437
f 390/401/390 89/397/89 435/419/435 796/426/796
f 796/426/796 435/419/435 104/421/104 419/428/419
f 437/427/437 796/426/796 419/428/419 105/429/105
f 98/345/98 398/344/398 797/430/797 438/431/438
f 398/344/398 97/343/97 436/423/436 797/430/797
f 797/430/797 436/423/436 112/425/112 427/432/427
f 438/431/438 797/430/797 427/432/427 113/433/113
f 91/351/91 391/350/391 798/434/798 439/435/439
f 391/350/391 90/349/90 437/427/437 798/434/798
f 798/434/798 437/427/437 105/429/105 420/436/420
f 439/435/439 798/434/798 420/436/420 106/437/106
f 99/355/99 399/354/399 799/438/799 440/439/440
f 399/354/399 98/345/98 438/431/438 799/438/799
f 799/438/799 438/431/438 113/433/113 428/440/428
f 440/439/440 799/438/799 428/440/428 114/441/114
f 92/359/92 392/358/392 800/442/800 441/443/441
f 392/358/392 91/351/91 439/435/439 800/442/800
f 800/442/800 439/435/439 106/437/106 421/444/421
f 441/443/441 800/442/800 421/444/421 107/445/107
f 100/363/100 400/362/400 801/446/801 442/447/442
f 400/362/400 99/355/99 440/439/440 801/446/801
f 801/446/801 440/439/440 114/441/114 429/448/429
f 442/447/442 801/446/801 429/448/429 115/449/115
f 93/367/93 393/366/393 802/450/802 443/451/443
f 393/366/393 92/359/92 441/443/441 802/450/802
f 802/450/802 441/443/441 107/445/107 422/452/422
f 443/451/443 802/450/802 422/452/422 108/453/108
f 86/370/86 177/454/177 444/455/444
f 101/456/101 444/455/444 177/457/177
f 100/363/100 442/447/442 146/458/146
f 115/449/115 146/459/146 442/447/442
f 94/377/94 394/376/394 803/460/803 431/404/431
f 394/376/394 93/367/93 443/451/443 803/460/803
f 803/460/803 443/451/443 108/453/108 423/461/423
f 431/404/431 803/460/803 423/461/423 109/405/109
f 87/381/87 387/380/387 804/462/804 433/410/433
f 387/380/387 86/370/86 444/455/444 804/462/804
f 804/462/804 444/455/444 101/456/101 416/463/416
f 433/410/433 804/462/804 416/463/416 102/411/102
f 114/441/114 428/440/428 805/464/805 459/465/459
f 428/440/428 113/433/113 460/466/460 805/464/805
f 805/464/805 460/466/460 128/467/128 457/468/457
f 459/465/459 805/464/805 457/468/457 129/469/129
f 107/445/107 421/444/421 806/470/806 461/471/461
f 421/444/421 106/437/106 462/472/462 806/470/806
f 806/470/806 462/472/462 121/473/121 450/474/450
f 461/471/461 806/470/806 450/474/450 122/475/122
f 115/449/115 429/448/429 807/476/807 463/477/463
f 429/448/429 114/441/114 459/465/459 807/476/807
f 807/476/807 459/465/459 129/469/129 458/478/458
f 463/477/463 807/476/807 458/478/458 130/479/130
f 108/453/108 422/452/422 808/480/808 464/481/464
f 422/452/422 107/445/107 461/471/461 808/480/808
f 808/480/808 461/471/461 122/475/122 451/482/451
f 464/481/464 808/480/808 451/482/451 123/483/123
f 101/456/101 177/484/177 465/485/465
f 116/486/116 465/485/465 177/487/177
f 115/449/115 463/477/463 146/488/146
f 130/479/130 146/489/146 463/477/463
f 109/405/109 423/461/423 809/490/809 466/491/466
f 423/461/423 108/453/108 464/481/464 809/490/809
f 809/490/809 464/481/464 123/483/123 452/492/452
f 466/491/466 809/490/809 452/492/452 124/493/124
f 102/411/102 416/463/416 810/494/810 467/495/467
f 416/463/416 101/456/101 465/485/465 810/494/810
f 810/494/810 465/485/465 116/486/116 445/496/445
f 467/495/467 810/494/810 445/496/445 117/497/117
f 110/407/110 424/406/424 811/498/811 468/499/468
f 424/406/424 109/405/109 466/491/466 811/498/811
f 811/498/811 466/491/466 124/493/124 453/500/453
f 468/499/468 811/498/811 453/500/453 125/501/125
f 103/413/103 417/412/417 812/502/812 469/503/469
f 417/412/417 102/411/102 467/495/467 812/502/812
f 812/502/812 467/495/467 117/497/117 446/504/446
f 469/503/469 812/502/812 446/504/446 118/505/118
f 111/417/111 425/416/425 813/506/813 470/507/470
f 425/416/425 110/407/110 468/499/468 813/506/813
f 813/506/813 468/499/468 125/501/125 454/508/454
f 470/507/470 813/506/813 454/508/454 126/509/126
f 104/421/104 418/420/418 814/510/814 471/511/471
f 418/420/418 103/413/103 469/503/469 814/510/814
f 814/510/814 469/503/469 118/505/118 447/512/447
f 471/511/471 814/510/814 447/512/447 119/513/119
f 112/425/112 426/424/426 815/514/815 472/515/472
f 426/424/426 111/417/111 470/507/470 815/514/815
f 815/514/815 470/507/470 126/509/126 455/516/455
f 472/515/472 815/514/815 455/516/455 127/517/127
f 105/429/105 419/428/419 816/518/816 473/519/473
f 419/428/419 104/421/104 471/511/471 816/518/816
f 816/518/816 471/511/471 119/513/119 448/520/448
f 473/519/473 816/518/816 448/520/448 120/521/120
f 113/433/113 427/432/427 817/522/817 460/466/460
f 427/432/427 112/425/112 472/515/472 817/522/817
f 817/522/817 472/515/472 127/517/127 456/523/456
f 460/466/460 817/522/817 456/523/456 128/467/128
f 106/437/106 420/436/420 818/524/818 462/472/462
f 420/436/420 105/429/105 473/519/473 818/524/818
f 818/524/818 473/519/473 120/521/120 449/525/449
f 462/472/462 818/524/818 449/525/449 121/473/121
f 118/505/118 446/504/446 819/526/819 488/527/488
f 446/504/446 117/497/117 489/528/489 819/526/819
f 819/526/819 489/528/489 132/529/132 475/530/475
f 488/527/488 819/526/819 475/530/475 133/531/133
f 126/509/126 454/508/454 820/532/820 490/533/490
f 454/508/454 125/501/125 491/534/491 820/532/820
f 820/532/820 491/534/491 140/535/140 483/536/483
f 490/533/490 820/532/820 483/536/483 141/537/141
f 119/513/119 447/512/447 821/538/821 492/539/492
f 447/512/447 118/505/118 488/527/488 821/538/821
f 821/538/821 488/527/488 133/531/133 476/540/476
f 492/539/492 821/538/821 476/540/476 134/541/134
f 127/517/127 455/516/455 822/542/822 493/543/493
f 455/516/455 126/509/126 490/533/490 822/542/822
f 822/542/822 490/533/490 141/537/141 484/544/484
f 493/543/493 822/542/822 484/544/484 142/545/142
f 120/521/120 448/520/448 823/546/823 494/547/494
f 448/520/448 119/513/119 492/539/492 823/546/823
f 823/546/823 492/539/492 134/541/134 477/548/477
f 494/547/494 823/546/823 477/548/477 135/549/135
f 128/467/128 456/523/456 824/550/824 495/551/495
f 456/523/456 127/517/127 493/543/493 824/550/824
f 824/550/824 493/543/493 142/545/142 485/552/485
f 495/551/495 824/550/824 485/552/485 143/553/143
f 121/473/121 449/525/449 825/554/825 496/555/496
f 449/525/449 120/521/120 494/547/494 825/554/825
f 825/554/825 494/547/494 135/549/135 478/556/478
f 496/555/496 825/554/825 478/556/478 136/557/136
f 129/469/129 457/468/457 826/558/826 497/559/497
f 457/468/457 128/467/128 495/551/495 826/558/826
f 826/558/826 495/551/495 143/553/143 486/560/486
f 497/559/497 826/558/826 486/560/486 144/561/144
f 122/475/122 450/474/450 827/562/827 498/563/498
f 450/474/450 121/473/121 496/555/496 827/562/827
f 827/562/827 496/555/496 136/557/136 479/564/479
f 498/563/498 827/562/827 479/564/479 137/565/137
f 130/479/130 458/478/458 828/566/828 499/567/499
f 458/478/458 129/469/129 497/559/497 828/566/828
f 828/566/828 497/559/497 144/561/144 487/568/487
f 499/567/499 828/566/828 487/568/487 145/569/145
f 123/483/123 451/482/451 829/570/829 500/571/500
f 451/482/451 122/475/122 498/563/498 829/570/829
f 829/570/829 498/563/498 137/565/137 480/572/480
f 500/571/500 829/570/829 480/572/480 138/573/138
f 116/486/116 177/574/177 501/575/501
f 131/576/131 501/575/501 177/577/177
f 130/479/130 499/567/499 146/578/146
f 145/569/145 146/579/146 499/567/499
f 124/493/124 452/492/452 830/580/830 502/581/502
f 452/492/452 123/483/123 500/571/500 830/580/830
f 830/580/830 500/571/500 138/573/138 481/582/481
f 502/581/502 830/580/830 481/582/481 139/583/139
f 117/497/117 445/496/445 831/584/831 489/528/489
f 445/496/445 116/486/116 501/575/501 831/584/831
f 831/584/831 501/575/501 131/576/131 474/585/474
f 489/528/489 831/584/831 474/585/474 132/529/132
f 125/501/125 453/500/453 832/586/832 491/534/491
f 453/500/453 124/493/124 502/581/502 832/586/832
f 832/586/832 502/581/502 139/583/139 482/587/482
f 491/534/491 832/586/832 482/587/482 140/535/140
f 137/565/137 479/564/479 833/588/833 517/589/517
f 479/564/479 136/557/136 518/590/518 833/588/833
f 833/588/833 518/590/518 152/591/152 508/592/508
f 517/589/517 833/588/833 508/592/508 153/593/153
f 145/569/145 487/568/487 834/594/834 519/595/519
f 487/568/487 144/561/144 520/596/520 834/594/834
f 834/594/834 520/596/520 160/597/160 516/598/516
f 519/595/519 834/594/834 516/598/516 161/599/161
f 138/573/138 480/572/480 835/600/835 521/601/521
f 480/572/480 137/565/137 517/589/517 835/600/835
f 835/600/835 517/589/517 153/593/153 509/602/509
f 521/601/521 835/600/835 509/602/509 154/603/154
f 131/576/131 177/604/177 522/605/522
f 147/606/147 522/605/522 177/607/177
f 145/569/145 519/595/519 146/608/146
f 161/599/161 146/609/146 519/595/519
f 139/583/139 481/582/481 836/610/836 523/611/523
f 481/582/481 138/573/138 521/601/521 836/610/836
f 836/610/836 521/601/521 154/603/154 510/612/510
f 523/611/523 836/610/836 510/612/510 155/613/155
f 132/529/132 474/585/474 837/614/837 524/615/524
f 474/585/474 131/576/131 522/605/522 837/614/837
f 837/614/837 522/605/522 147/606/147 503/616/503
f 524/615/524 837/614/837 503/616/503 148/617/148
f 140/535/140 482/587/482 838/618/838 525/619/525
f 482/587/482 139/583/139 523/611/523 838/618/838
f 838/618/838 523/611/523 155/613/155 511/620/511
f 525/619/525 838/618/838 511/620/511 156/621/156
f 133/531/133 475/530/475 839/622/839 526/623/526
f 475/530/475 132/529/132 524/615/524 839/622/839
f 839/622/839 524/615/524 148/617/148 504/624/504
f 526/623/526 839/622/839 504/624/504 149/625/149
f 141/537/141 483/536/483 840/626/840 527/627/527
f 483/536/483 140/535/140 525/619/525 840/626/840
f 840/626/840 525/619/525 156/621/156 512/628/512
f 527/627/527 840/626/840 512/628/512 157/629/157
f 134/541/134 476/540/476 841/630/841 528/631/528
f 476/540/476 133/531/133 526/623/526 841/630/841
f 841/630/841 526/623/526 149/625/149 505/632/505
f 528/631/528 841/630/841 505/632/505 150/633/150
f 142/545/142 484/544/484 842/634/842 529/635/529
f 484/544/484 141/537/141 527/627/527 842/634/842
f 842/634/842 527/627/527 157/629/157 513/636/513
f 529/635/529 842/634/842 513/636/513 158/637/158
f 135/549/135 477/548/477 843/638/843 530/639/530
f 477/548/477 134/541/134 528/631/528 843/638/843
f 843/638/843 528/631/528 150/633/150 506/640/506
f 530/639/530 843/638/843 506/640/506 151/641/151
f 143/553/143 485/552/485 844/642/844 531/643/531
f 485/552/485 142/545/142 529/635/529 844/642/844
f 844/642/844 529/635/529 158/637/158 514/644/514
f 531/643/531 844/642/844 514/644/514 159/645/159
f 136/557/136 478/556/478 845/646/845 518/590/518
f 478/556/478 135/549/135 530/639/530 845/646/845
f 845/646/845 530/639/530 151/641/151 507/647/507
f 518/590/518 845/646/845 507/647/507 152/591/152
f 144/561/144 486/560/486 846/648/846 520/596/520
f 486/560/486 143/553/143 531/643/531 846/648/846
f 846/648/846 531/643/531 159/645/159 515/649/515
f 520/596/520 846/648/846 515/649/515 160/597/160
f 157/629/157 512/628/512 847/650/847 546/651/546
f 512/628/512 156/621/156 547/652/547 847/650/847
f 847/650/847 547/652/547 171/653/171 541/654/541
f 546/651/546 847/650/847 541/654/541 172/655/172
f 150/633/150 505/632/505 848/656/848 548/657/548
f 505/632/505 149/625/149 549/658/549 848/656/848
f 848/656/848 549/658/549 164/659/164 534/660/534
f 548/657/548 848/656/848 534/660/534 165/661/165
f 158/637/158 513/636/513 849/662/849 550/663/550
f 513/636/513 157/629/157 546/651/546 849/662/849
f 849/662/849 546/651/546 172/655/172 542/664/542
f 550/663/550 849/662/849 542/664/542 173/665/173
f 151/641/151 506/640/506 850/666/850 551/667/551
f 506/640/506 150/633/150 548/657/548 850/666/850
f 850/666/850 548/657/548 165/661/165 535/668/535
f 551/667/551 850/666/850 535/668/535 166/669/166
f 159/645/159 514/644/514 851/670/851 552/671/552
f 514/644/514 158/637/158 550/663/550 851/670/851
f 851/670/851 550/663/550 173/665/173 543/672/543
f 552/671/552 851/670/851 543/672/543 174/673/174
f 152/591/152 507/647/507 852/674/852 553/675/553
f 507/647/507 151/641/151 551/667/551 852/674/852
f 852/674/852 551/667/551 166/669/166 536/676/536
f 553/675/553 852/674/852 536/676/536 167/677/167
f 160/597/160 515/649/515 853/678/853 554/679/554
f 515/649/515 159/645/159 552/671/552 853/678/853
f 853/678/853 552/671/552 174/673/174 544/680/544
f 554/679/554 853/678/853 544/680/544 175/681/175
f 153/593/153 508/592/508 854/682/854 555/683/555
f 508/592/508 152/591/152 553/675/553 854/682/854
f 854/682/854 553/675/553 167/677/167 537/684/537
f 555/683/555 854/682/854 537/684/537 168/685/168
f 161/599/161 516/598/516 855/686/855 556/687/556
f 516/598/516 160/597/160 554/679/554 855/686/855
f 855/686/855 554/679/554 175/681/175 545/688/545
f 556/687/556 855/686/855 545/688/545 176/689/176
f 154/603/154 509/602/509 856/690/856 557/691/557
f 509/602/509 153/593/153 555/683/555 856/690/856
f 856/690/856 555/683/555 168/685/168 538/692/538
f 557/691/557 856/690/856 538/692/538 169/693/169
f 147/606/147 177/694/177 558/695/558
f 162/696/162 558/695/558 177/697/177
f 161/599/161 556/687/556 146/698/146
f 176/689/176 146/699/146 556/687/556
f 155/613/155 510/612/510 857/700/857 559/701/559
f 510/612/510 154/603/154 557/691/557 857/700/857
f 857/700/857 557/691/557 169/693/169 539/702/539
f 559/701/559 857/700/857 539/702/539 170/703/170
f 148/617/148 503/616/503 858/704/858 560/705/560
f 503/616/503 147/606/147 558/695/558 858/704/858
f 858/704/858 558/695/558 162/696/162 532/706/532
f 560/705/560 858/704/858 532/706/532 163/707/163
f 156/621/156 511/620/511 859/708/859 547/652/547
f 511/620/511 155/613/155 559/701/559 859/708/859
f 859/708/859 559/701/559 170/703/170 540/709/540
f 547/652/547 859/708/859 540/709/540 171/653/171
f 149/625/149 504/624/504 860/710/860 549/658/549
f 504/624/504 148/617/148 560/705/560 860/710/860
f 860/710/860 560/705/560 163/707/163 533/711/533
f 549/658/549 860/710/860 533/711/533 164/659/164
f 176/689/176 545/688/545 861/712/861 575/713/575
f 545/688/545 175/681/175 576/714/576 861/712/861
f 861/712/861 576/714/576 191/715/191 574/716/574
f 575/713/575 861/712/861 574/716/574 192/717/192
f 169/693/169 538/692/538 862/718/862 577/719/577
f 538/692/538 168/685/168 578/720/578 862/718/862
f 862/718/862 578/720/578 184/721/184 567/722/567
f 577/719/577 862/718/862 567/722/567 185/723/185
f 162/696/162 177/724/177 579/725/579
f 178/726/178 579/725/579 177/727/177
f 176/689/176 575/713/575 146/728/146
f 192/717/192 146/729/146 575/713/575
f 170/703/170 539/702/539 863/730/863 580/731/580
f 539/702/539 169/693/169 577/719/577 863/730/863
f 863/730/863 577/719/577 185/723/185 568/732/568
f 580/731/580 863/730/863 568/732/568 186/733/186
f 163/707/163 532/706/532 864/734/864 581/735/581
f 532/706/532 162/696/162 579/725/579 864/734/864
f 864/734/864 579/725/579 178/726/178 561/736/561
f 581/735/581 864/734/864 561/736/561 179/737/179
f 171/653/171 540/709/540 865/738/865 582/739/582
f 540/709/540 170/703/170 580/731/580 865/738/865
f 865/738/865 580/731/580 186/733/186 569/740/569
f 582/739/582 865/738/865 569/740/569 187/741/187
f 164/659/164 533/711/533 866/742/866 583/743/583
f 533/711/533 163/707/163 581/735/581 866/742/866
f 866/742/866 581/735/581 179/737/179 562/744/562
f 583/743/583 866/742/866 562/744/562 180/745/180
f 172/655/172 541/654/541 867/746/867 584/747/584
f 541/654/541 171/653/171 582/739/582 867/746/867
f 867/746/867 582/739/582 187/741/187 570/748/570
f 584/747/584 867/746/867 570/748/570 188/749/188
f 165/661/165 534/660/534 868/750/868 585/751/585
f 534/660/534 164/659/164 583/743/583 868/750/868
f 868/750/868 583/743/583 180/745/180 563/752/563
f 585/751/585 868/750/868 563/752/563 181/753/181
f 173/665/173 542/664/542 869/754/869 586/755/586
f 542/664/542 172/655/172 584/747/584 869/754/869
f 869/754/869 584/747/584 188/749/188 571/756/571
f 586/755/586 869/754/869 571/756/571 189/757/189
f 166/669/166 535/668/535 870/758/870 587/759/587
f 535/668/535 165/661/165 585/751/585 870/758/870
f 870/758/870 585/751/585 181/753/181 564/760/564
f 587/759/587 870/758/870 564/760/564 182/761/182
f 174/673/174 543/672/543 871/762/871 588/763/588
f 543/672/543 173/665/173 586/755/586 871/762/871
f 871/762/871 586/755/586 189/757/189 572/764/572
f 588/763/588 871/762/871 572/764/572 190/765/190
f 167/677/167 536/676/536 872/766/872 589/767/589
f 536/676/536 166/669/166 587/759/587 872/766/872
f 872/766/872 587/759/587 182/761/182 565/768/565
f 589/767/589 872/766/872 565/768/565 183/769/183
f 175/681/175 544/680/544 873/770/873 576/714/576
f 544/680/544 174/673/174 588/763/588 873/770/873
f 873/770/873 588/763/588 190/765/190 573/771/573
f 576/714/576 873/770/873 573/771/573 191/715/191
f 168/685/168 537/684/537 874/772/874 578/720/578
f 537/684/537 167/677/167 589/767/589 874/772/874
f 874/772/874 589/767/589 183/769/183 566/773/566
f 578/720/578 874/772/874 566/773/566 184/721/184
f 181/774/181 563/775/563 875/776/875 604/777/604
f 563/775/563 180/778/180 605/779/605 875/776/875
f 875/776/875 605/779/605 195/780/195 592/781/592
f 604/777/604 875/776/875 592/781/592 196/782/196
f 189/783/189 571/784/571 876/785/876 606/786/606
f 571/784/571 188/787/188 607/788/607 876/785/876
f 876/785/876 607/788/607 203/789/203 600/790/600
f 606/786/606 876/785/876 600/790/600 204/791/204
f 182/792/182 564/793/564 877/794/877 608/795/608
f 564/793/564 181/774/181 604/777/604 877/794/877
f 877/794/877 604/777/604 196/782/196 593/796/593
f 608/795/608 877/794/877 593/796/593 197/797/197
f 190/798/190 572/799/572 878/800/878 609/801/609
f 572/799/572 189/783/189 606/786/606 878/800/878
f 878/800/878 606/786/606 204/791/204 601/802/601
f 609/801/609 878/800/878 601/802/601 205/803/205
f 183/804/183 565/805/565 879/806/879 610/807/610
f 565/805/565 182/792/182 608/795/608 879/806/879
f 879/806/879 608/795/608 197/797/197 594/808/594
f 610/807/610 879/806/879 594/808/594 198/809/198
f 191/810/191 573/811/573 880/812/880 611/813/611
f 573/811/573 190/798/190 609/801/609 880/812/880
f 880/812/880 609/801/609 205/803/205 602/814/602
f 611/813/611 880/812/880 602/814/602 206/815/206
f 184/816/184 566/817/566 881/818/881 612/819/612
f 566/817/566 183/804/183 610/807/610 881/818/881
f 881/818/881 610/807/610 198/809/198 595/820/595
f 612/819/612 881/818/881 595/820/595 199/821/199
f 192/822/192 574/823/574 882/824/882 613/825/613
f 574/823/574 191/810/191 611/813/611 882/824/882
f 882/824/882 611/813/611 206/815/206 603/826/603
f 613/825/613 882/824/882 603/826/603 207/827/207
f 185/828/185 567/829/567 883/830/883 614/831/614
f 567/829/567 184/816/184 612/819/612 883/830/883
f 883/830/883 612/819/612 199/821/199 596/832/596
f 614/831/614 883/830/883 596/832/596 200/833/200
f 178/834/178 177/835/177 615/836/615
f 193/837/193 615/836/615 177/838/177
f 192/822/192 613/825/613 146/839/146
f 207/827/207 146/840/146 613/825/613
f 186/841/186 568/842/568 884/843/884 616/844/616
f 568/842/568 185/828/185 614/831/614 884/843/884
f 884/843/884 614/831/614 200/833/200 597/845/597
f 616/844/616 884/843/884 597/845/597 201/846/201
f 179/847/179 561/848/561 885/849/885 617/850/617
f 561/848/561 178/834/178 615/836/615 885/849/885
f 885/849/885 615/836/615 193/837/193 590/851/590
f 617/850/617 885/849/885 590/851/590 194/852/194
f 187/853/187 569/854/569 886/855/886 618/856/618
f 569/854/569 186/841/186 616/844/616 886/855/886
f 886/855/886 616/844/616 201/846/201 598/857/598
f 618/856/618 886/855/886 598/857/598 202/858/202
f 180/778/180 562/859/562 887/860/887 605/779/605
f 562/859/562 179/847/179 617/850/617 887/860/887
f 887/860/887 617/850/617 194/852/194 591/861/591
f 605/779/605 887/860/887 591/861/591 195/780/195
f 188/787/188 570/862/570 888/863/888 607/788/607
f 570/862/570 187/853/187 618/856/618 888/863/888
f 888/863/888 618/856/618 202/858/202 599/864/599
f 607/788/607 888/863/888 599/864/599 203/789/203
f 200/833/200 596/832/596 889/865/889 633/866/633
f 596/832/596 199/821/199 634/867/634 889/865/889
f 889/865/889 634/867/634 214/868/214 625/869/625
f 633/866/633 889/865/889 625/869/625 215/870/215
f 193/837/193 177/871/177 635/872/635
f 208/873/208 635/872/635 177/874/177
f 207/827/207 636/875/636 146/876/146
f 222/877/222 146/878/146 636/875/636
f 201/846/201 597/845/597 890/879/890 637/880/637
f 597/845/597 200/833/200 633/866/633 890/879/890
f 890/879/890 633/866/633 215/870/215 626/881/626
f 637/880/637 890/879/890 626/881/626 216/882/216
f 194/852/194 590/851/590 891/883/891 638/884/638
f 590/851/590 193/837/193 635/872/635 891/883/891
f 891/883/891 635/872/635 208/873/208 619/885/619
f 638/884/638 891/883/891 619/885/619 209/886/209
f 202/858/202 598/857/598 892/887/892 639/888/639
f 598/857/598 201/846/201 637/880/637 892/887/892
f 892/887/892 637/880/637 216/882/216 627/889/627
f 639/888/639 892/887/892 627/889/627 217/890/217
f 195/780/195 591/861/591 893/891/893 640/892/640
f 591/861/591 194/852/194 638/884/638 893/891/893
f 893/891/893 638/884/638 209/886/209 620/893/620
f 640/892/640 893/891/893 620/893/620 210/894/210
f 203/789/203 599/864/599 894/895/894 641/896/641
f 599/864/599 202/858/202 639/888/639 894/895/894
f 894/895/894 639/888/639 217/890/217 628/897/628
f 641/896/641 894/895/894 628/897/628 218/898/218
f 196/782/196 592/781/592 895/899/895 642/900/642
f 592/781/592 195/780/195 640/892/640 895/899/895
f 895/899/895 640/892/640 210/894/210 621/901/621
f 642/900/642 895/899/895 621/901/621 211/902/211
f 204/791/204 600/790/600 896/903/896 643/904/643
f 600/790/600 203/789/203 641/896/641 896/903/896
f 896/903/896 641/896/641 218/898/218 629/905/629
f 643/904/643 896/903/896 629/905/629 219/906/219
f 197/797/197 593/796/593 897/907/897 644/908/644
f 593/796/593 196/782/196 642/900/642 897/907/897
f 897/907/897 642/900/642 211/902/211 622/909/622
f 644/908/644 897/907/897 622/909/622 212/910/212
f 205/803/205 601/802/601 898/911/898 645/912/645
f 601/802/601 204/791/204 643/904/643 898/911/898
f 898/911/898 643/904/643 219/906/219 630/913/630
f 645/912/645 898/911/898 630/913/630 220/914/220
f 198/809/198 594/808/594 899/915/899 646/916/646
f 594/808/594 197/797/197 644/908/644 899/915/899
f 899/915/899 644/908/644 212/910/212 623/917/623
f 646/916/646 899/915/899 623/917/623 213/918/213
f 206/815/206 602/814/602 900/919/900 647/920/647
f 602/814/602 205/803/205 645/912/645 900/919/900
f 900/919/900 645/912/645 220/914/220 631/921/631
f 647/920/647 900/919/900 631/921/631 221/922/221
f 199/821/199 595/820/595 901/923/901 634/867/634
f 595/820/595 198/809/198 646/916/646 901/923/901
f 901/923/901 646/916/646 213/918/213 624/924/624
f 634/867/634 901/923/901 624/924/624 214/868/214
f 207/827/207 603/826/603 902/925/902 636/875/636
f 603/826/603 206/815/206 647/920/647 902/925/902
f 902/925/902 647/920/647 221/922/221 632/926/632
f 636/875/636 902/925/902 632/926/632 222/877/222
f 219/906/219 629/905/629 903/927/903 662/928/662
f 629/905/629 218/898/218 663/929/663 903/927/903
f 903/927/903 663/929/663 233/930/233 658/931/658
f 662/928/662 903/927/903 658/931/658 234/932/234
f 212/910/212 622/909/622 904/933/904 664/934/664
f 622/909/622 211/902/211 665/935/665 904/933/904
f 904/933/904 665/935/665 226/936/226 651/937/651
f 664/934/664 904/933/904 651/937/651 227/938/227
f 220/914/220 630/913/630 905/939/905 666/940/666
f 630/913/630 219/906/219 662/928/662 905/939/905
f 905/939/905 662/928/662 234/932/234 659/941/659
f 666/940/666 905/939/905 659/941/659 235/942/235
f 213/918/213 623/917/623 906/943/906 667/944/667
f 623/917/623 212/910/212 664/934/664 906/943/906
f 906/943/906 664/934/664 227/938/227 652/945/652
f 667/944/667 906/943/906 652/945/652 228/946/228
f 221/922/221 631/921/631 907/947/907 668/948/668
f 631/921/631 220/914/220 666/940/666 907/947/907
f 907/947/907 666/940/666 235/942/235 660/949/660
f 668/948/668 907/947/907 660/949/660 236/950/236
f 214/868/214 624/924/624 908/951/908 669/952/669
f 624/924/624 213/918/213 667/944/667 908/951/908
f 908/951/908 667/944/667 228/946/228 653/953/653
f 669/952/669 908/951/908 653/953/653 229/954/229
f 222/877/222 632/926/632 909/955/909 670/956/670
f 632/926/632 221/922/221 668/948/668 909/955/909
f 909/955/909 668/948/668 236/950/236 661/957/661
f 670/956/670 909/955/909 661/957/661 237/958/237
f 215/870/215 625/869/625 910/959/910 671/960/671
f 625/869/625 214/868/214 669/952/669 910/959/910
f 910/959/910 669/952/669 229/954/229 654/961/654
f 671/960/671 910/959/910 654/961/654 230/962/230
f 208/873/208 177/963/177 672/964/672
f 223/965/223 672/964/672 177/966/177
f 222/877/222 670/956/670 146/967/146
f 237/958/237 146/968/146 670/956/670
f 216/882/216 626/881/626 911/969/911 673/970/673
f 626/881/626 215/870/215 671/960/671 911/969/911
f 911/969/911 671/960/671 230/962/230 655/971/655
f 673/970/673 911/969/911 655/971/655 231/972/231
f 209/886/209 619/885/619 912/973/912 674/974/674
f 619/885/619 208/873/208 672/964/672 912/973/912
f 912/973/912 672/964/672 223/965/223 648/975/648
f 674/974/674 912/973/912 648/975/648 224/976/224
f 217/890/217 627/889/627 913/977/913 675/978/675
f 627/889/627 216/882/216 673/970/673 913/977/913
f 913/977/913 673/970/673 231/972/231 656/979/656
f 675/978/675 913/977/913 656/979/656 232/980/232
f 210/894/210 620/893/620 914/981/914 676/982/676
f 620/893/620 209/886/209 674/974/674 914/981/914
f 914/981/914 674/974/674 224/976/224 649/983/649
f 676/982/676 914/981/914 649/983/649 225/984/225
f 218/898/218 628/897/628 915/985/915 663/929/663
f 628/897/628 217/890/217 675/978/675 915/985/915
f 915/985/915 675/978/675 232/980/232 657/986/657
f 663/929/663 915/985/915 657/986/657 233/930/233
f 211/902/211 621/901/621 916/987/916 665/935/665
f 621/901/621 210/894/210 676/982/676 916/987/916
f 916/987/916 676/982/676 225/984/225 650/988/650
f 665/935/665 916/987/916 650/988/650 226/936/226
f 237/958/237 697/989/697 146/990/146
f 10/31/10 146/991/146 697/989/697
f 231/972/231 655/971/655 917/992/917 698/993/698
f 655/971/655 230/962/230 677/994/677 917/992/917
f 917/992/917 677/994/677 240/37/240 687/51/687
f 698/993/698 917/992/917 687/51/687 6/50/6
f 224/976/224 648/975/648 918/995/918 699/996/699
f 648/975/648 223/965/223 700/997/700 918/995/918
f 918/995/918 700/997/700 1/43/1 243/57/243
f 699/996/699 918/995/918 243/57/243 2/56/2
f 232/980/232 656/979/656 919/998/919 678/999/678
f 656/979/656 231/972/231 698/993/698 919/998/919
f 919/998/919 698/993/698 6/50/6 688/63/688
f 678/999/678 919/998/919 688/63/688 241/62/241
f 225/984/225 649/983/649 920/1000/920 679/1001/679
f 649/983/649 224/976/224 699/996/699 920/1000/920
f 920/1000/920 699/996/699 2/56/2 682/69/682
f 679/1001/679 920/1000/920 682/69/682 238/68/238
f 233/930/233 657/986/657 921/1002/921 701/1003/701
f 657/986/657 232/980/232 678/999/678 921/1002/921
f 921/1002/921 678/999/678 241/62/241 689/75/689
f 701/1003/701 921/1002/921 689/75/689 7/74/7
f 226/936/226 650/988/650 922/1004/922 702/1005/702
f 650/988/650 225/984/225 679/1001/679 922/1004/922
f 922/1004/922 679/1001/679 238/68/238 683/81/683
f 702/1005/702 922/1004/922 683/81/683 3/80/3
f 234/932/234 658/931/658 923/1006/923 680/1007/680
f 658/931/658 233/930/233 701/1003/701 923/1006/923
f 923/1006/923 701/1003/701 7/74/7 690/86/690
f 680/1007/680 923/1006/923 690/86/690 242/5/242
f 227/938/227 651/937/651 924/1008/924 681/1009/681
f 651/937/651 226/936/226 702/1005/702 924/1008/924
f 924/1008/924 702/1005/702 3/80/3 684/89/684
f 681/1009/681 924/1008/924 684/89/684 239/14/239
f 235/942/235 659/941/659 925/1010/925 703/1011/703
f 659/941/659 234/932/234 680/1007/680 925/1010/925
f 925/1010/925 680/1007/680 242/5/242 691/2/691
f 703/1011/703 925/1010/925 691/2/691 8/1/8
f 228/946/228 652/945/652 926/1012/926 704/1013/704
f 652/945/652 227/938/227 681/1009/681 926/1012/926
f 926/1012/926 681/1009/681 239/14/239 685/11/685
f 704/1013/704 926/1012/926 685/11/685 4/10/4
f 236/950/236 660/949/660 927/1014/927 705/1015/705
f 660/949/660 235/942/235 703/1011/703 927/1014/927
f 927/1014/927 703/1011/703 8/1/8 245/20/245
f 705/1015/705 927/1014/927 245/20/245 9/19/9
f 229/954/229 653/953/653 928/1016/928 706/1017/706
f 653/953/653 228/946/228 704/1013/704 928/1016/928
f 928/1016/928 704/1013/704 4/10/4 244/26/244
f 706/1017/706 928/1016/928 244/26/244 5/25/5
f 237/958/237 661/957/661 929/1018/929 697/989/697
f 661/957/661 236/950/236 705/1015/705 929/1018/929
f 929/1018/929 705/1015/705 9/19/9 246/32/246
f 697/989/697 929/1018/929 246/32/246 10/31/10
f 230/962/230 654/961/654 930/1019/930 677/994/677
f 654/961/654 229/954/229 706/1017/706 930/1019/930
f 930/1019/930 706/1017/706 5/25/5 686/38/686
f 677/994/677 930/1019/930 686/38/686 240/37/240
f 223/965/223 177/1020/177 700/997/700
f 1/43/1 700/997/700 177/1021/177
